2019-07-15 08:49:52.780244 +0200 CEST m=+0.810827679,0,0.000000
2019-07-15 08:49:53.033067 +0200 CEST m=+1.063648567,882,441.000000
2019-07-15 08:49:53.293161 +0200 CEST m=+1.323740876,446,442.666667
2019-07-15 08:49:53.546499 +0200 CEST m=+1.577077491,1066,598.500000
2019-07-15 08:49:53.804792 +0200 CEST m=+1.835367958,124,503.600000
2019-07-15 08:49:54.060307 +0200 CEST m=+2.090881914,195,452.166667
2019-07-15 08:49:54.316024 +0200 CEST m=+2.346597053,206,417.000000
2019-07-15 08:49:54.569069 +0200 CEST m=+2.599639717,3504,802.875000
2019-07-15 08:49:54.822579 +0200 CEST m=+2.853148233,2025,938.666667
2019-07-15 08:49:55.082308 +0200 CEST m=+3.112874844,3087,1153.500000
2019-07-15 08:49:55.337831 +0200 CEST m=+3.368396730,1586,1192.818182
2019-07-15 08:49:55.588277 +0200 CEST m=+3.618840207,410,1127.583333
2019-07-15 08:49:55.847485 +0200 CEST m=+3.878046213,256,1060.538462
2019-07-15 08:49:56.104115 +0200 CEST m=+4.134674900,408,1013.928571
2019-07-15 08:49:56.357305 +0200 CEST m=+4.387863528,414,973.933333
2019-07-15 08:49:56.614998 +0200 CEST m=+4.645554415,292,931.312500
2019-07-15 08:49:56.866918 +0200 CEST m=+4.897472453,330,895.941176
2019-07-15 08:49:57.125301 +0200 CEST m=+5.155854066,115,852.555556
2019-07-15 08:49:57.381265 +0200 CEST m=+5.411815790,769,848.157895
2019-07-15 08:49:57.633932 +0200 CEST m=+5.664480722,317,821.600000
2019-07-15 08:49:57.891756 +0200 CEST m=+5.922303397,420,802.476190
2019-07-15 08:49:58.141769 +0200 CEST m=+6.172314506,447,786.318182
2019-07-15 08:49:58.402673 +0200 CEST m=+6.433216261,248,762.913043
2019-07-15 08:49:58.658383 +0200 CEST m=+6.688924173,260,741.958333
2019-07-15 08:49:58.924753 +0200 CEST m=+6.955292639,203,720.400000
2019-07-15 08:49:59.176206 +0200 CEST m=+7.206744405,115,697.115385
2019-07-15 08:49:59.435547 +0200 CEST m=+7.466083574,126,675.962963
2019-07-15 08:49:59.687253 +0200 CEST m=+7.717787042,212,659.392857
2019-07-15 08:49:59.944322 +0200 CEST m=+7.974853955,143,641.586207
2019-07-15 08:50:00.202205 +0200 CEST m=+8.232735923,189,626.500000
2019-07-15 08:50:00.457169 +0200 CEST m=+8.487697586,159,611.419355
2019-07-15 08:50:00.713384 +0200 CEST m=+8.743910720,127,596.281250
2019-07-15 08:50:00.965373 +0200 CEST m=+8.995897884,179,583.636364
2019-07-15 08:50:01.223717 +0200 CEST m=+9.254240779,147,570.794118
2019-07-15 08:50:01.47655 +0200 CEST m=+9.507071521,250,561.628571
2019-07-15 08:50:01.730643 +0200 CEST m=+9.761162790,585,562.277778
2019-07-15 08:50:01.987835 +0200 CEST m=+10.018353189,228,553.243243
2019-07-15 08:50:02.240143 +0200 CEST m=+10.270659169,323,547.184211
2019-07-15 08:50:02.498336 +0200 CEST m=+10.528849933,461,544.974359
2019-07-15 08:50:02.753831 +0200 CEST m=+10.784343311,250,537.600000
2019-07-15 08:50:03.009545 +0200 CEST m=+11.040055195,322,532.341463
2019-07-15 08:50:03.261967 +0200 CEST m=+11.292475795,147,523.166667
2019-07-15 08:50:03.520615 +0200 CEST m=+11.551121844,820,530.069767
2019-07-15 08:50:03.777899 +0200 CEST m=+11.808404312,894,538.340909
2019-07-15 08:50:04.031607 +0200 CEST m=+12.062110123,182,530.422222
2019-07-15 08:50:04.287401 +0200 CEST m=+12.317902090,276,524.891304
2019-07-15 08:50:04.543559 +0200 CEST m=+12.574058231,173,517.404255
2019-07-15 08:50:04.798032 +0200 CEST m=+12.828529997,1543,538.770833
2019-07-15 08:50:05.053912 +0200 CEST m=+13.084407459,2567,580.163265
2019-07-15 08:50:05.31072 +0200 CEST m=+13.341213890,205,572.660000
2019-07-15 08:50:05.566226 +0200 CEST m=+13.596717980,141,564.196078
2019-07-15 08:50:05.820505 +0200 CEST m=+13.850995417,515,563.250000
2019-07-15 08:50:06.074278 +0200 CEST m=+14.104766775,829,568.264151
2019-07-15 08:50:06.33147 +0200 CEST m=+14.361956526,735,571.351852
2019-07-15 08:50:06.586864 +0200 CEST m=+14.617349105,397,568.181818
2019-07-15 08:50:06.840074 +0200 CEST m=+14.870557583,1628,587.107143
2019-07-15 08:50:07.098125 +0200 CEST m=+15.128606446,903,592.649123
2019-07-15 08:50:07.353976 +0200 CEST m=+15.384455717,453,590.241379
2019-07-15 08:50:07.610103 +0200 CEST m=+15.640580387,1351,603.135593
2019-07-15 08:50:07.864247 +0200 CEST m=+15.894722384,231,596.933333
2019-07-15 08:50:08.120419 +0200 CEST m=+16.150892576,82,588.491803
2019-07-15 08:50:08.371031 +0200 CEST m=+16.401502786,727,590.725806
2019-07-15 08:50:08.62685 +0200 CEST m=+16.657319876,1181,600.095238
2019-07-15 08:50:08.8853 +0200 CEST m=+16.915768876,455,597.828125
2019-07-15 08:50:09.136484 +0200 CEST m=+17.166950760,401,594.800000
2019-07-15 08:50:09.397733 +0200 CEST m=+17.428197846,234,589.333333
2019-07-15 08:50:09.650257 +0200 CEST m=+17.680720230,113,582.223881
2019-07-15 08:50:09.905368 +0200 CEST m=+17.935828961,251,577.352941
2019-07-15 08:50:10.163688 +0200 CEST m=+18.194147504,307,573.434783
2019-07-15 08:50:10.41639 +0200 CEST m=+18.446847576,1987,593.628571
2019-07-15 08:50:10.668958 +0200 CEST m=+18.699414087,271,589.084507
2019-07-15 08:50:10.927798 +0200 CEST m=+18.958251722,744,591.236111
2019-07-15 08:50:11.183912 +0200 CEST m=+19.214364136,772,593.712329
2019-07-15 08:50:11.435051 +0200 CEST m=+19.465501366,143,587.621622
2019-07-15 08:50:11.690956 +0200 CEST m=+19.721404094,254,583.173333
2019-07-15 08:50:11.952148 +0200 CEST m=+19.982594578,531,582.486842
2019-07-15 08:50:12.203885 +0200 CEST m=+20.234329432,1247,591.116883
2019-07-15 08:50:12.456993 +0200 CEST m=+20.487436411,920,595.333333
2019-07-15 08:50:12.713035 +0200 CEST m=+20.743476616,172,589.974684
2019-07-15 08:50:12.973501 +0200 CEST m=+21.003940209,335,586.787500
2019-07-15 08:50:13.228583 +0200 CEST m=+21.259020179,193,581.925926
2019-07-15 08:50:13.480168 +0200 CEST m=+21.510603470,145,576.597561
2019-07-15 08:50:13.736082 +0200 CEST m=+21.766516115,85,570.674699
2019-07-15 08:50:13.994582 +0200 CEST m=+22.025014067,83,564.869048
2019-07-15 08:50:14.246179 +0200 CEST m=+22.276608912,123,559.670588
2019-07-15 08:50:14.506003 +0200 CEST m=+22.536430906,131,554.686047
2019-07-15 08:50:14.761866 +0200 CEST m=+22.792292802,239,551.057471
2019-07-15 08:50:15.013546 +0200 CEST m=+23.043971015,142,546.409091
2019-07-15 08:50:15.271815 +0200 CEST m=+23.302238124,83,541.202247
2019-07-15 08:50:15.527773 +0200 CEST m=+23.558193535,321,538.755556
2019-07-15 08:50:15.782217 +0200 CEST m=+23.812636378,963,543.417582
2019-07-15 08:50:16.03355 +0200 CEST m=+24.063967714,207,539.760870
2019-07-15 08:50:16.291708 +0200 CEST m=+24.322123344,297,537.150538
2019-07-15 08:50:16.549444 +0200 CEST m=+24.579857391,137,532.893617
2019-07-15 08:50:16.804907 +0200 CEST m=+24.835318968,796,535.663158
2019-07-15 08:50:17.058814 +0200 CEST m=+25.089224299,274,532.937500
2019-07-15 08:50:17.311381 +0200 CEST m=+25.341789341,268,530.206186
2019-07-15 08:50:17.566777 +0200 CEST m=+25.597183727,465,529.540816
2019-07-15 08:50:17.825282 +0200 CEST m=+25.855686206,326,527.484848
2019-07-15 08:50:18.078834 +0200 CEST m=+26.109237093,972,531.930000
2019-07-15 08:50:18.336998 +0200 CEST m=+26.367399269,1489,541.405941
2019-07-15 08:50:18.590882 +0200 CEST m=+26.621280700,887,544.794118
2019-07-15 08:50:18.844974 +0200 CEST m=+26.875371305,704,546.339806
2019-07-15 08:50:19.100835 +0200 CEST m=+27.131230114,604,546.894231
2019-07-15 08:50:19.358104 +0200 CEST m=+27.388497807,88,542.523810
2019-07-15 08:50:19.609868 +0200 CEST m=+27.640259402,113,538.471698
2019-07-15 08:50:19.869968 +0200 CEST m=+27.900358213,279,536.046729
2019-07-15 08:50:20.122499 +0200 CEST m=+28.152886676,252,533.416667
2019-07-15 08:50:20.379818 +0200 CEST m=+28.410203883,2368,550.247706
2019-07-15 08:50:20.633136 +0200 CEST m=+28.663520371,836,552.845455
2019-07-15 08:50:20.890071 +0200 CEST m=+28.920453863,90,548.675676
2019-07-15 08:50:21.144706 +0200 CEST m=+29.175087329,86,544.544643
2019-07-15 08:50:21.39936 +0200 CEST m=+29.429738606,1756,555.265487
2019-07-15 08:50:21.655936 +0200 CEST m=+29.686313352,99,551.263158
2019-07-15 08:50:21.907748 +0200 CEST m=+29.938123312,92,547.269565
2019-07-15 08:50:22.168402 +0200 CEST m=+30.198775071,226,544.500000
2019-07-15 08:50:22.423698 +0200 CEST m=+30.454069338,1079,549.068376
2019-07-15 08:50:22.67954 +0200 CEST m=+30.709910025,253,546.559322
2019-07-15 08:50:22.934578 +0200 CEST m=+30.964945618,878,549.344538
2019-07-15 08:50:23.187585 +0200 CEST m=+31.217950993,747,550.991667
2019-07-15 08:50:23.441124 +0200 CEST m=+31.471488382,128,547.495868
2019-07-15 08:50:23.698362 +0200 CEST m=+31.728724852,544,547.467213
2019-07-15 08:50:23.955474 +0200 CEST m=+31.985835182,336,545.747967
2019-07-15 08:50:24.2107 +0200 CEST m=+32.241058655,96,542.120968
2019-07-15 08:50:24.463778 +0200 CEST m=+32.494134989,79,538.416000
2019-07-15 08:50:24.72224 +0200 CEST m=+32.752595332,1980,549.857143
2019-07-15 08:50:24.976917 +0200 CEST m=+33.007270111,1225,555.173228
2019-07-15 08:50:25.231138 +0200 CEST m=+33.261489380,1154,559.851562
2019-07-15 08:50:25.485895 +0200 CEST m=+33.516244818,1036,563.542636
2019-07-15 08:50:25.741351 +0200 CEST m=+33.771698620,279,561.353846
2019-07-15 08:50:25.997583 +0200 CEST m=+34.027929422,1025,564.893130
2019-07-15 08:50:26.251971 +0200 CEST m=+34.282315292,546,564.750000
2019-07-15 08:50:26.506905 +0200 CEST m=+34.537247947,86,561.150376
2019-07-15 08:50:26.763796 +0200 CEST m=+34.794136220,78,557.544776
2019-07-15 08:50:27.022043 +0200 CEST m=+35.052382193,90,554.081481
2019-07-15 08:50:27.276526 +0200 CEST m=+35.306863485,267,551.970588
2019-07-15 08:50:27.529772 +0200 CEST m=+35.560107500,1256,557.109489
2019-07-15 08:50:27.787423 +0200 CEST m=+35.817756365,2108,568.347826
2019-07-15 08:50:28.04312 +0200 CEST m=+36.073451994,1458,574.748201
2019-07-15 08:50:28.293153 +0200 CEST m=+36.323482789,689,575.564286
2019-07-15 08:50:28.549472 +0200 CEST m=+36.579799432,2693,590.581560
2019-07-15 08:50:28.808038 +0200 CEST m=+36.838364116,929,592.964789
2019-07-15 08:50:29.065214 +0200 CEST m=+37.095537886,310,590.986014
2019-07-15 08:50:29.315475 +0200 CEST m=+37.345797165,473,590.166667
2019-07-15 08:50:29.573598 +0200 CEST m=+37.603918416,1258,594.772414
2019-07-15 08:50:29.831603 +0200 CEST m=+37.861922025,1805,603.061644
2019-07-15 08:50:30.08346 +0200 CEST m=+38.113776613,296,600.972789
2019-07-15 08:50:30.341552 +0200 CEST m=+38.371867170,160,597.993243
2019-07-15 08:50:30.594076 +0200 CEST m=+38.624389293,170,595.120805
2019-07-15 08:50:30.852354 +0200 CEST m=+38.882665538,3211,612.560000
2019-07-15 08:50:31.104956 +0200 CEST m=+39.135265785,369,610.947020
2019-07-15 08:50:31.363125 +0200 CEST m=+39.393433196,350,609.230263
2019-07-15 08:50:31.618832 +0200 CEST m=+39.649137623,252,606.895425
2019-07-15 08:50:31.874731 +0200 CEST m=+39.905035029,261,604.649351
2019-07-15 08:50:32.142135 +0200 CEST m=+40.172436775,744,605.548387
2019-07-15 08:50:32.392459 +0200 CEST m=+40.422759027,328,603.769231
2019-07-15 08:50:32.651046 +0200 CEST m=+40.681344722,233,601.407643
2019-07-15 08:50:32.907893 +0200 CEST m=+40.938189267,120,598.360759
2019-07-15 08:50:33.160612 +0200 CEST m=+41.190907089,446,597.402516
2019-07-15 08:50:33.418905 +0200 CEST m=+41.449198209,424,596.318750
2019-07-15 08:50:33.673274 +0200 CEST m=+41.703565592,172,593.683230
2019-07-15 08:50:33.929788 +0200 CEST m=+41.960077258,154,590.969136
2019-07-15 08:50:34.184155 +0200 CEST m=+42.214442876,122,588.092025
2019-07-15 08:50:34.436668 +0200 CEST m=+42.466954083,306,586.371951
2019-07-15 08:50:34.6965 +0200 CEST m=+42.726783568,905,588.303030
2019-07-15 08:50:34.949341 +0200 CEST m=+42.979622904,351,586.873494
2019-07-15 08:50:35.204551 +0200 CEST m=+43.234831539,271,584.982036
2019-07-15 08:50:35.46159 +0200 CEST m=+43.491868494,116,582.190476
2019-07-15 08:50:35.716958 +0200 CEST m=+43.747234291,98,579.325444
2019-07-15 08:50:35.967744 +0200 CEST m=+43.998018822,198,577.082353
2019-07-15 08:50:36.227277 +0200 CEST m=+44.257549532,248,575.157895
2019-07-15 08:50:36.48023 +0200 CEST m=+44.510500827,287,573.482558
2019-07-15 08:50:36.740008 +0200 CEST m=+44.770277387,238,571.543353
2019-07-15 08:50:36.993766 +0200 CEST m=+45.024033958,260,569.752874
2019-07-15 08:50:37.250239 +0200 CEST m=+45.280505004,161,567.417143
2019-07-15 08:50:37.502792 +0200 CEST m=+45.533056290,176,565.193182
2019-07-15 08:50:37.756797 +0200 CEST m=+45.787058719,144,562.813559
2019-07-15 08:50:38.010637 +0200 CEST m=+46.040897611,187,560.702247
2019-07-15 08:50:38.267432 +0200 CEST m=+46.297690257,99,558.122905
2019-07-15 08:50:38.524391 +0200 CEST m=+46.554647796,95,555.550000
2019-07-15 08:50:38.782764 +0200 CEST m=+46.813018391,75,552.895028
2019-07-15 08:50:39.049237 +0200 CEST m=+47.079490256,103,550.423077
2019-07-15 08:50:39.301059 +0200 CEST m=+47.331309766,195,548.480874
2019-07-15 08:50:39.560622 +0200 CEST m=+47.590871322,192,546.543478
2019-07-15 08:50:39.815742 +0200 CEST m=+47.845989128,647,547.086486
2019-07-15 08:50:40.070538 +0200 CEST m=+48.100783021,330,545.919355
2019-07-15 08:50:40.325615 +0200 CEST m=+48.355858274,107,543.572193
2019-07-15 08:50:40.58159 +0200 CEST m=+48.611831583,132,541.382979
2019-07-15 08:50:40.83211 +0200 CEST m=+48.862350312,1235,545.052910
2019-07-15 08:50:41.092729 +0200 CEST m=+49.122966742,722,545.984211
2019-07-15 08:50:41.345192 +0200 CEST m=+49.375428764,289,544.638743
2019-07-15 08:50:41.599427 +0200 CEST m=+49.629661218,300,543.364583
2019-07-15 08:50:41.858141 +0200 CEST m=+49.888374232,159,541.373057
2019-07-15 08:50:42.109188 +0200 CEST m=+50.139418491,203,539.628866
2019-07-15 08:50:42.370255 +0200 CEST m=+50.400483773,326,538.533333
2019-07-15 08:50:42.62116 +0200 CEST m=+50.651386904,253,537.076531
2019-07-15 08:50:42.878418 +0200 CEST m=+50.908643784,162,535.172589
2019-07-15 08:50:43.131318 +0200 CEST m=+51.161541308,286,533.914141
2019-07-15 08:50:43.386679 +0200 CEST m=+51.416900875,416,533.321608
2019-07-15 08:50:43.647388 +0200 CEST m=+51.677607998,164,531.475000
2019-07-15 08:50:43.90867 +0200 CEST m=+51.938888086,370,530.671642
2019-07-15 08:50:44.168334 +0200 CEST m=+52.198550035,247,529.267327
2019-07-15 08:50:44.424007 +0200 CEST m=+52.454221070,182,527.556650
2019-07-15 08:50:44.676228 +0200 CEST m=+52.706440446,461,527.230392
2019-07-15 08:50:44.934977 +0200 CEST m=+52.965187355,227,525.765854
2019-07-15 08:50:45.191414 +0200 CEST m=+53.221622891,176,524.067961
2019-07-15 08:50:45.4443 +0200 CEST m=+53.474507597,122,522.125604
2019-07-15 08:50:45.699287 +0200 CEST m=+53.729491865,96,520.076923
2019-07-15 08:50:45.95393 +0200 CEST m=+53.984133292,69,517.918660
2019-07-15 08:50:46.207746 +0200 CEST m=+54.237947911,75,515.809524
2019-07-15 08:50:46.464909 +0200 CEST m=+54.495108766,94,513.810427
2019-07-15 08:50:46.72092 +0200 CEST m=+54.751117548,102,511.867925
2019-07-15 08:50:46.976572 +0200 CEST m=+55.006768175,87,509.873239
2019-07-15 08:50:47.233041 +0200 CEST m=+55.263235304,201,508.429907
2019-07-15 08:50:47.490058 +0200 CEST m=+55.520250994,789,509.734884
2019-07-15 08:50:47.744685 +0200 CEST m=+55.774875729,127,507.962963
2019-07-15 08:50:48.000446 +0200 CEST m=+56.030634316,278,506.903226
2019-07-15 08:50:48.252806 +0200 CEST m=+56.282992560,252,505.733945
2019-07-15 08:50:48.507897 +0200 CEST m=+56.538081746,165,504.178082
2019-07-15 08:50:48.767612 +0200 CEST m=+56.797795673,109,502.381818
2019-07-15 08:50:49.018183 +0200 CEST m=+57.048364809,152,500.796380
2019-07-15 08:50:49.275366 +0200 CEST m=+57.305546029,498,500.783784
2019-07-15 08:50:49.530142 +0200 CEST m=+57.560319832,2569,510.058296
2019-07-15 08:50:49.788495 +0200 CEST m=+57.818671115,1083,512.616071
2019-07-15 08:50:50.038762 +0200 CEST m=+58.068936409,945,514.537778
2019-07-15 08:50:50.294441 +0200 CEST m=+58.324613353,154,512.942478
2019-07-15 08:50:50.554802 +0200 CEST m=+58.584972956,114,511.185022
2019-07-15 08:50:50.805469 +0200 CEST m=+58.835638097,95,509.359649
2019-07-15 08:50:51.065734 +0200 CEST m=+59.095901209,82,507.493450
2019-07-15 08:50:51.317673 +0200 CEST m=+59.347838298,396,507.008696
2019-07-15 08:50:51.572525 +0200 CEST m=+59.602688232,113,505.303030
2019-07-15 08:50:51.828111 +0200 CEST m=+59.858272259,123,503.655172
2019-07-15 08:50:52.085974 +0200 CEST m=+60.116133536,385,503.145923
2019-07-15 08:50:52.341915 +0200 CEST m=+60.372072410,140,501.594017
2019-07-15 08:50:52.597412 +0200 CEST m=+60.627567575,115,499.948936
2019-07-15 08:50:52.851459 +0200 CEST m=+60.881613296,310,499.144068
2019-07-15 08:50:53.109625 +0200 CEST m=+61.139776796,166,497.738397
2019-07-15 08:50:53.361147 +0200 CEST m=+61.391297452,470,497.621849
2019-07-15 08:50:53.614841 +0200 CEST m=+61.644989862,229,496.497908
2019-07-15 08:50:53.870037 +0200 CEST m=+61.900183784,121,494.933333
2019-07-15 08:50:54.130572 +0200 CEST m=+62.160716944,283,494.053942
2019-07-15 08:50:54.385238 +0200 CEST m=+62.415381511,554,494.301653
2019-07-15 08:50:54.640114 +0200 CEST m=+62.670255553,308,493.534979
2019-07-15 08:50:54.897529 +0200 CEST m=+62.927668976,211,492.377049
2019-07-15 08:50:55.149493 +0200 CEST m=+63.179630392,170,491.061224
2019-07-15 08:50:55.408652 +0200 CEST m=+63.438788047,188,489.829268
2019-07-15 08:50:55.662601 +0200 CEST m=+63.692735041,246,488.842105
2019-07-15 08:50:55.914807 +0200 CEST m=+63.944938936,2832,498.290323
2019-07-15 08:50:56.174554 +0200 CEST m=+64.204684859,279,497.409639
2019-07-15 08:50:56.426796 +0200 CEST m=+64.456925054,384,496.956000
2019-07-15 08:50:56.680926 +0200 CEST m=+64.711052365,1171,499.641434
2019-07-15 08:50:56.94089 +0200 CEST m=+64.971014872,2371,507.067460
2019-07-15 08:50:57.192951 +0200 CEST m=+65.223074138,240,506.011858
2019-07-15 08:50:57.448024 +0200 CEST m=+65.478145129,222,504.893701
2019-07-15 08:50:57.704552 +0200 CEST m=+65.734671794,499,504.870588
2019-07-15 08:50:57.959063 +0200 CEST m=+65.989180206,614,505.296875
2019-07-15 08:50:58.212185 +0200 CEST m=+66.242300808,525,505.373541
2019-07-15 08:50:58.470005 +0200 CEST m=+66.500118796,97,503.790698
2019-07-15 08:50:58.723772 +0200 CEST m=+66.753883757,75,502.135135
2019-07-15 08:50:58.98153 +0200 CEST m=+67.011640623,76,500.496154
2019-07-15 08:50:59.239142 +0200 CEST m=+67.269250317,92,498.931034
2019-07-15 08:50:59.494994 +0200 CEST m=+67.525100406,204,497.805344
2019-07-15 08:50:59.749721 +0200 CEST m=+67.779825862,1394,501.212928
2019-07-15 08:51:00.001225 +0200 CEST m=+68.031328401,2336,508.162879
2019-07-15 08:51:00.255633 +0200 CEST m=+68.285734284,1423,511.615094
2019-07-15 08:51:00.512675 +0200 CEST m=+68.542774480,567,511.823308
2019-07-15 08:51:00.768782 +0200 CEST m=+68.798879459,894,513.254682
2019-07-15 08:51:01.023035 +0200 CEST m=+69.053130419,346,512.630597
2019-07-15 08:51:01.279487 +0200 CEST m=+69.309580839,231,511.583643
2019-07-15 08:51:01.534618 +0200 CEST m=+69.564710494,237,510.566667
2019-07-15 08:51:01.790445 +0200 CEST m=+69.820535001,142,509.206642
2019-07-15 08:51:02.047985 +0200 CEST m=+70.078073697,153,507.897059
2019-07-15 08:51:02.301972 +0200 CEST m=+70.332058496,136,506.534799
2019-07-15 08:51:02.559436 +0200 CEST m=+70.589520947,434,506.270073
2019-07-15 08:51:02.812277 +0200 CEST m=+70.842359682,617,506.672727
2019-07-15 08:51:03.067089 +0200 CEST m=+71.097170216,168,505.445652
2019-07-15 08:51:03.321073 +0200 CEST m=+71.351152542,300,504.703971
2019-07-15 08:51:03.579335 +0200 CEST m=+71.609412728,227,503.705036
2019-07-15 08:51:03.836148 +0200 CEST m=+71.866223421,539,503.831541
2019-07-15 08:51:04.091484 +0200 CEST m=+72.121557875,443,503.614286
2019-07-15 08:51:04.34403 +0200 CEST m=+72.374102090,143,502.330961
2019-07-15 08:51:04.598332 +0200 CEST m=+72.628402077,193,501.234043
2019-07-15 08:51:04.859498 +0200 CEST m=+72.889566052,196,500.155477
2019-07-15 08:51:05.110638 +0200 CEST m=+73.140704530,82,498.683099
2019-07-15 08:51:05.365378 +0200 CEST m=+73.395442603,79,497.210526
2019-07-15 08:51:05.620102 +0200 CEST m=+73.650164490,193,496.146853
2019-07-15 08:51:05.875312 +0200 CEST m=+73.905373272,204,495.128920
2019-07-15 08:51:06.131958 +0200 CEST m=+74.162017265,168,493.993056
2019-07-15 08:51:06.386339 +0200 CEST m=+74.416396582,197,492.965398
2019-07-15 08:51:06.646887 +0200 CEST m=+74.676942417,364,492.520690
2019-07-15 08:51:06.902393 +0200 CEST m=+74.932446718,312,491.900344
2019-07-15 08:51:07.154441 +0200 CEST m=+75.184492904,319,491.308219
2019-07-15 08:51:07.412831 +0200 CEST m=+75.442880782,242,490.457338
2019-07-15 08:51:07.680019 +0200 CEST m=+75.710066913,195,489.452381
2019-07-15 08:51:07.935544 +0200 CEST m=+75.965590040,155,488.318644
2019-07-15 08:51:08.18743 +0200 CEST m=+76.217474391,284,487.628378
2019-07-15 08:51:08.441248 +0200 CEST m=+76.471290602,142,486.464646
2019-07-15 08:51:08.700979 +0200 CEST m=+76.731019990,116,485.221477
2019-07-15 08:51:08.95721 +0200 CEST m=+76.987249434,153,484.110368
2019-07-15 08:51:09.21269 +0200 CEST m=+77.242727489,178,483.090000
2019-07-15 08:51:09.464025 +0200 CEST m=+77.494060278,142,481.956811
2019-07-15 08:51:09.723477 +0200 CEST m=+77.753510764,132,480.798013
2019-07-15 08:51:09.978665 +0200 CEST m=+78.008696501,95,479.524752
2019-07-15 08:51:10.229319 +0200 CEST m=+78.259349207,102,478.282895
2019-07-15 08:51:10.489377 +0200 CEST m=+78.519405293,155,477.222951
2019-07-15 08:51:10.743051 +0200 CEST m=+78.773076739,203,476.326797
2019-07-15 08:51:10.999526 +0200 CEST m=+79.029550742,93,475.078176
2019-07-15 08:51:11.255671 +0200 CEST m=+79.285693160,180,474.120130
2019-07-15 08:51:11.51148 +0200 CEST m=+79.541500943,152,473.077670
2019-07-15 08:51:11.766963 +0200 CEST m=+79.796982033,230,472.293548
2019-07-15 08:51:12.02237 +0200 CEST m=+80.052386734,109,471.125402
2019-07-15 08:51:12.272639 +0200 CEST m=+80.302654532,173,470.169872
2019-07-15 08:51:12.531949 +0200 CEST m=+80.561962304,123,469.060703
2019-07-15 08:51:12.787295 +0200 CEST m=+80.817307012,123,467.958599
2019-07-15 08:51:13.042458 +0200 CEST m=+81.072468109,132,466.892063
2019-07-15 08:51:13.294638 +0200 CEST m=+81.324645926,128,465.819620
2019-07-15 08:51:13.551491 +0200 CEST m=+81.581497507,138,464.785489
2019-07-15 08:51:13.810123 +0200 CEST m=+81.840127829,122,463.707547
2019-07-15 08:51:14.06562 +0200 CEST m=+82.095622801,125,462.645768
2019-07-15 08:51:14.31691 +0200 CEST m=+82.346910727,725,463.465625
2019-07-15 08:51:14.573904 +0200 CEST m=+82.603902525,967,465.034268
2019-07-15 08:51:14.829821 +0200 CEST m=+82.859818268,471,465.052795
2019-07-15 08:51:15.081679 +0200 CEST m=+83.111674013,131,464.018576
2019-07-15 08:51:15.340881 +0200 CEST m=+83.370874303,85,462.848765
2019-07-15 08:51:15.594074 +0200 CEST m=+83.624065138,100,461.732308
2019-07-15 08:51:15.849662 +0200 CEST m=+83.879651800,158,460.800613
2019-07-15 08:51:16.105119 +0200 CEST m=+84.135106848,160,459.880734
2019-07-15 08:51:16.364138 +0200 CEST m=+84.394123720,116,458.832317
2019-07-15 08:51:16.619915 +0200 CEST m=+84.649898806,177,457.975684
2019-07-15 08:51:16.874162 +0200 CEST m=+84.904144403,121,456.954545
2019-07-15 08:51:17.131247 +0200 CEST m=+85.161227380,85,455.830816
2019-07-15 08:51:17.384108 +0200 CEST m=+85.414087062,76,454.686747
2019-07-15 08:51:17.639747 +0200 CEST m=+85.669723976,112,453.657658
2019-07-15 08:51:17.897079 +0200 CEST m=+85.927054055,133,452.697605
2019-07-15 08:51:18.147303 +0200 CEST m=+86.177276248,1202,454.934328
2019-07-15 08:51:18.405886 +0200 CEST m=+86.435857045,856,456.127976
2019-07-15 08:51:18.661838 +0200 CEST m=+86.691807683,746,456.988131
2019-07-15 08:51:18.917384 +0200 CEST m=+86.947351626,153,456.088757
2019-07-15 08:51:19.173901 +0200 CEST m=+87.203867450,134,455.138643
2019-07-15 08:51:19.428552 +0200 CEST m=+87.458515910,611,455.597059
2019-07-15 08:51:19.683686 +0200 CEST m=+87.713648636,2874,462.689150
2019-07-15 08:51:19.9344 +0200 CEST m=+87.964360154,2845,469.654971
2019-07-15 08:51:20.193456 +0200 CEST m=+88.223414483,779,470.556851
2019-07-15 08:51:20.449196 +0200 CEST m=+88.479153292,178,469.706395
2019-07-15 08:51:20.706592 +0200 CEST m=+88.736547301,641,470.202899
2019-07-15 08:51:20.959927 +0200 CEST m=+88.989880259,125,469.205202
2019-07-15 08:51:21.215076 +0200 CEST m=+89.245027219,103,468.149856
2019-07-15 08:51:21.470486 +0200 CEST m=+89.500435220,190,467.350575
2019-07-15 08:51:21.722705 +0200 CEST m=+89.752652431,484,467.398281
2019-07-15 08:51:21.9802 +0200 CEST m=+90.010145581,235,466.734286
2019-07-15 08:51:22.233494 +0200 CEST m=+90.263437960,292,466.236467
2019-07-15 08:51:22.493369 +0200 CEST m=+90.523311553,994,467.735795
2019-07-15 08:51:22.750191 +0200 CEST m=+90.780130970,660,468.280453
2019-07-15 08:51:23.004641 +0200 CEST m=+91.034579199,533,468.463277
2019-07-15 08:51:23.255525 +0200 CEST m=+91.285461692,145,467.552113
2019-07-15 08:51:23.512235 +0200 CEST m=+91.542170180,152,466.665730
2019-07-15 08:51:23.771769 +0200 CEST m=+91.801701812,296,466.187675
2019-07-15 08:51:24.026886 +0200 CEST m=+92.056817255,414,466.041899
2019-07-15 08:51:24.279617 +0200 CEST m=+92.309546328,518,466.186630
2019-07-15 08:51:24.538033 +0200 CEST m=+92.567961046,218,465.497222
2019-07-15 08:51:24.792202 +0200 CEST m=+92.822127645,124,464.551247
2019-07-15 08:51:25.044916 +0200 CEST m=+93.074839759,289,464.066298
2019-07-15 08:51:25.30417 +0200 CEST m=+93.334092203,1278,466.308540
2019-07-15 08:51:25.557396 +0200 CEST m=+93.587316490,129,465.381868
2019-07-15 08:51:25.812763 +0200 CEST m=+93.842681564,260,464.819178
2019-07-15 08:51:26.067821 +0200 CEST m=+94.097738111,772,465.658470
2019-07-15 08:51:26.324811 +0200 CEST m=+94.354725455,863,466.741144
2019-07-15 08:51:26.580589 +0200 CEST m=+94.610502190,113,465.779891
2019-07-15 08:51:26.833667 +0200 CEST m=+94.863578267,151,464.926829
2019-07-15 08:51:27.092254 +0200 CEST m=+95.122163013,152,464.081081
2019-07-15 08:51:27.345209 +0200 CEST m=+95.375116199,334,463.730458
2019-07-15 08:51:27.601646 +0200 CEST m=+95.631551953,307,463.309140
2019-07-15 08:51:27.856056 +0200 CEST m=+95.885960333,312,462.903485
2019-07-15 08:51:28.113814 +0200 CEST m=+96.143716420,120,461.986631
2019-07-15 08:51:28.367124 +0200 CEST m=+96.397024473,552,462.226667
2019-07-15 08:51:28.624096 +0200 CEST m=+96.653994690,148,461.390957
2019-07-15 08:51:28.879719 +0200 CEST m=+96.909615880,1447,464.005305
2019-07-15 08:51:29.134217 +0200 CEST m=+97.164112155,98,463.037037
2019-07-15 08:51:29.389985 +0200 CEST m=+97.419877910,173,462.271768
2019-07-15 08:51:29.646354 +0200 CEST m=+97.676245324,141,461.426316
2019-07-15 08:51:29.899458 +0200 CEST m=+97.929347681,115,460.517060
2019-07-15 08:51:30.157206 +0200 CEST m=+98.187093806,483,460.575916
2019-07-15 08:51:30.411572 +0200 CEST m=+98.441457816,182,459.848564
2019-07-15 08:51:30.667036 +0200 CEST m=+98.696920034,115,458.950521
2019-07-15 08:51:30.923576 +0200 CEST m=+98.953457681,423,458.857143
2019-07-15 08:51:31.179159 +0200 CEST m=+99.209039252,246,458.305699
2019-07-15 08:51:31.433198 +0200 CEST m=+99.463076711,356,458.041344
2019-07-15 08:51:31.688677 +0200 CEST m=+99.718553144,190,457.350515
2019-07-15 08:51:31.942861 +0200 CEST m=+99.972735956,132,456.514139
2019-07-15 08:51:32.199576 +0200 CEST m=+100.229448523,1196,458.410256
2019-07-15 08:51:32.452989 +0200 CEST m=+100.482859748,1959,462.248082
2019-07-15 08:51:32.706532 +0200 CEST m=+100.736400783,525,462.408163
2019-07-15 08:51:32.965987 +0200 CEST m=+100.995853941,903,463.529262
2019-07-15 08:51:33.21698 +0200 CEST m=+101.246845869,873,464.568528
2019-07-15 08:51:33.473241 +0200 CEST m=+101.503105146,767,465.334177
2019-07-15 08:51:33.730985 +0200 CEST m=+101.760846388,297,464.909091
2019-07-15 08:51:33.985308 +0200 CEST m=+102.015168270,661,465.403023
2019-07-15 08:51:34.242889 +0200 CEST m=+102.272747695,267,464.904523
2019-07-15 08:51:34.495533 +0200 CEST m=+102.525389357,1080,466.446115
2019-07-15 08:51:34.75444 +0200 CEST m=+102.784294971,1121,468.082500
2019-07-15 08:51:35.00595 +0200 CEST m=+103.035802511,408,467.932668
2019-07-15 08:51:35.264694 +0200 CEST m=+103.294545259,203,467.273632
2019-07-15 08:51:35.515608 +0200 CEST m=+103.545456961,272,466.789082
2019-07-15 08:51:35.773402 +0200 CEST m=+103.803249395,121,465.933168
2019-07-15 08:51:36.032048 +0200 CEST m=+104.061893333,205,465.288889
2019-07-15 08:51:36.293523 +0200 CEST m=+104.323366117,152,464.517241
2019-07-15 08:51:36.554524 +0200 CEST m=+104.584366057,74,463.557740
2019-07-15 08:51:36.804895 +0200 CEST m=+104.834735118,74,462.602941
2019-07-15 08:51:37.064159 +0200 CEST m=+105.093996907,300,462.205379
2019-07-15 08:51:37.320892 +0200 CEST m=+105.350727915,440,462.151220
2019-07-15 08:51:37.573952 +0200 CEST m=+105.603786777,191,461.491484
2019-07-15 08:51:37.831531 +0200 CEST m=+105.861363207,490,461.560680
2019-07-15 08:51:38.085629 +0200 CEST m=+106.115459648,851,462.503632
2019-07-15 08:51:38.3365 +0200 CEST m=+106.366328620,359,462.253623
2019-07-15 08:51:38.593872 +0200 CEST m=+106.623699165,108,461.400000
2019-07-15 08:51:38.847834 +0200 CEST m=+106.877658902,155,460.663462
2019-07-15 08:51:39.106263 +0200 CEST m=+107.136086402,146,459.908873
2019-07-15 08:51:39.362703 +0200 CEST m=+107.392524773,112,459.076555
2019-07-15 08:51:39.619112 +0200 CEST m=+107.648931590,103,458.226730
2019-07-15 08:51:39.869464 +0200 CEST m=+107.899281825,911,459.304762
2019-07-15 08:51:40.125107 +0200 CEST m=+108.154923584,149,458.567696
2019-07-15 08:51:40.385715 +0200 CEST m=+108.415529638,120,457.765403
2019-07-15 08:51:40.636151 +0200 CEST m=+108.665963620,1299,459.754137
2019-07-15 08:51:40.895152 +0200 CEST m=+108.924962378,1459,462.110849
2019-07-15 08:51:41.147315 +0200 CEST m=+109.177123451,222,461.545882
2019-07-15 08:51:41.401955 +0200 CEST m=+109.431762343,158,460.833333
2019-07-15 08:51:41.662171 +0200 CEST m=+109.691975711,344,460.559719
2019-07-15 08:51:41.915577 +0200 CEST m=+109.945380628,2047,464.266355
2019-07-15 08:51:42.169246 +0200 CEST m=+110.199047654,491,464.328671
2019-07-15 08:51:42.427069 +0200 CEST m=+110.456868404,244,463.816279
2019-07-15 08:51:42.684511 +0200 CEST m=+110.714308753,275,463.378190
2019-07-15 08:51:42.939491 +0200 CEST m=+110.969286983,1218,465.125000
2019-07-15 08:51:43.193674 +0200 CEST m=+111.223468561,1514,467.547344
2019-07-15 08:51:43.450867 +0200 CEST m=+111.480659461,431,467.463134
2019-07-15 08:51:43.706154 +0200 CEST m=+111.735944387,401,467.310345
2019-07-15 08:51:43.957202 +0200 CEST m=+111.986990263,256,466.825688
2019-07-15 08:51:44.217415 +0200 CEST m=+112.247201823,145,466.089245
2019-07-15 08:51:44.469023 +0200 CEST m=+112.498808186,226,465.541096
2019-07-15 08:51:44.727891 +0200 CEST m=+112.757674123,318,465.205011
2019-07-15 08:51:44.978114 +0200 CEST m=+113.007895047,669,465.668182
2019-07-15 08:51:45.23888 +0200 CEST m=+113.268659451,1310,467.582766
2019-07-15 08:51:45.489189 +0200 CEST m=+113.518966392,155,466.875566
2019-07-15 08:51:45.748388 +0200 CEST m=+113.778163505,238,466.358916
2019-07-15 08:51:46.005708 +0200 CEST m=+114.035482099,441,466.301802
2019-07-15 08:51:46.259318 +0200 CEST m=+114.289089853,152,465.595506
2019-07-15 08:51:46.514176 +0200 CEST m=+114.543946927,854,466.466368
2019-07-15 08:51:46.76536 +0200 CEST m=+114.795128247,141,465.738255
2019-07-15 08:51:47.022796 +0200 CEST m=+115.052562717,91,464.901786
2019-07-15 08:51:47.276224 +0200 CEST m=+115.305988890,135,464.167038
2019-07-15 08:51:47.536177 +0200 CEST m=+115.565939790,633,464.542222
2019-07-15 08:51:47.78912 +0200 CEST m=+115.818881513,273,464.117517
2019-07-15 08:51:48.046119 +0200 CEST m=+116.075878223,349,463.862832
2019-07-15 08:51:48.303043 +0200 CEST m=+116.332800730,321,463.547461
2019-07-15 08:51:48.558625 +0200 CEST m=+116.588381347,530,463.693833
2019-07-15 08:51:48.810484 +0200 CEST m=+116.840238392,211,463.138462
2019-07-15 08:51:49.068694 +0200 CEST m=+117.098446574,258,462.688596
2019-07-15 08:51:49.321529 +0200 CEST m=+117.351278936,1022,463.912473
2019-07-15 08:51:49.580608 +0200 CEST m=+117.610356794,881,464.823144
2019-07-15 08:51:49.832638 +0200 CEST m=+117.862384891,393,464.666667
2019-07-15 08:51:50.086994 +0200 CEST m=+118.116738783,337,464.389130
2019-07-15 08:51:50.343411 +0200 CEST m=+118.373153902,153,463.713666
2019-07-15 08:51:50.602319 +0200 CEST m=+118.632059901,281,463.318182
2019-07-15 08:51:50.853431 +0200 CEST m=+118.883170768,218,462.788337
2019-07-15 08:51:51.110732 +0200 CEST m=+119.140469338,125,462.060345
2019-07-15 08:51:51.363527 +0200 CEST m=+119.393262852,1054,463.333333
2019-07-15 08:51:51.622103 +0200 CEST m=+119.651836547,306,462.995708
2019-07-15 08:51:51.876667 +0200 CEST m=+119.906398948,216,462.466809
2019-07-15 08:51:52.130228 +0200 CEST m=+120.159958365,180,461.863248
2019-07-15 08:51:52.390186 +0200 CEST m=+120.419913983,1014,463.040512
2019-07-15 08:51:52.644293 +0200 CEST m=+120.674019655,3223,468.912766
2019-07-15 08:51:52.899979 +0200 CEST m=+120.929703651,188,468.316348
2019-07-15 08:51:53.155946 +0200 CEST m=+121.185669331,110,467.557203
2019-07-15 08:51:53.410871 +0200 CEST m=+121.440592565,459,467.539112
2019-07-15 08:51:53.663767 +0200 CEST m=+121.693485895,391,467.377637
2019-07-15 08:51:53.919678 +0200 CEST m=+121.949395071,263,466.947368
2019-07-15 08:51:54.178201 +0200 CEST m=+122.207916616,230,466.449580
2019-07-15 08:51:54.433876 +0200 CEST m=+122.463589353,175,465.838574
2019-07-15 08:51:54.689292 +0200 CEST m=+122.719003967,247,465.380753
2019-07-15 08:51:54.944835 +0200 CEST m=+122.974545209,132,464.684760
2019-07-15 08:51:55.199726 +0200 CEST m=+123.229434050,421,464.593750
2019-07-15 08:51:55.450506 +0200 CEST m=+123.480212977,105,463.846154
2019-07-15 08:51:55.709905 +0200 CEST m=+123.739610125,396,463.705394
2019-07-15 08:51:55.966154 +0200 CEST m=+123.995857310,480,463.739130
2019-07-15 08:51:56.221416 +0200 CEST m=+124.251117464,135,463.059917
2019-07-15 08:51:56.476289 +0200 CEST m=+124.505988447,437,463.006186
2019-07-15 08:51:56.731956 +0200 CEST m=+124.761653194,431,462.940329
2019-07-15 08:51:56.98648 +0200 CEST m=+125.016175131,343,462.694045
2019-07-15 08:51:57.239367 +0200 CEST m=+125.269060694,190,462.135246
2019-07-15 08:51:57.497428 +0200 CEST m=+125.527120304,181,461.560327
2019-07-15 08:51:57.752308 +0200 CEST m=+125.781998528,296,461.222449
2019-07-15 08:51:58.008609 +0200 CEST m=+126.038297016,147,460.582485
2019-07-15 08:51:58.264451 +0200 CEST m=+126.294137868,276,460.207317
2019-07-15 08:51:58.520335 +0200 CEST m=+126.550019724,158,459.594320
2019-07-15 08:51:58.772644 +0200 CEST m=+126.802326829,236,459.141700
2019-07-15 08:51:59.025669 +0200 CEST m=+127.055350023,299,458.818182
2019-07-15 08:51:59.285544 +0200 CEST m=+127.315223361,183,458.262097
2019-07-15 08:51:59.542844 +0200 CEST m=+127.572520861,184,457.710262
2019-07-15 08:51:59.794753 +0200 CEST m=+127.824428588,361,457.516064
2019-07-15 08:52:00.052062 +0200 CEST m=+128.081736153,619,457.839679
2019-07-15 08:52:00.303398 +0200 CEST m=+128.333070149,462,457.848000
2019-07-15 08:52:00.562415 +0200 CEST m=+128.592084943,507,457.946108
2019-07-15 08:52:00.81913 +0200 CEST m=+128.848798409,274,457.579681
2019-07-15 08:52:01.074262 +0200 CEST m=+129.103928367,114,456.896620
2019-07-15 08:52:01.329505 +0200 CEST m=+129.359169133,93,456.174603
2019-07-15 08:52:01.585639 +0200 CEST m=+129.615301655,127,455.522772
2019-07-15 08:52:01.846835 +0200 CEST m=+129.876495746,874,456.349802
2019-07-15 08:52:02.105878 +0200 CEST m=+130.135536825,1523,458.453649
2019-07-15 08:52:02.363545 +0200 CEST m=+130.393201854,654,458.838583
2019-07-15 08:52:02.618853 +0200 CEST m=+130.648508622,517,458.952849
2019-07-15 08:52:02.873067 +0200 CEST m=+130.902720839,674,459.374510
2019-07-15 08:52:03.129563 +0200 CEST m=+131.159214285,329,459.119374
2019-07-15 08:52:03.381436 +0200 CEST m=+131.411086110,278,458.765625
2019-07-15 08:52:03.638425 +0200 CEST m=+131.668073007,230,458.319688
2019-07-15 08:52:03.890884 +0200 CEST m=+131.920530372,132,457.684825
2019-07-15 08:52:04.150081 +0200 CEST m=+132.179725711,123,457.034951
2019-07-15 08:52:04.405447 +0200 CEST m=+132.435089703,150,456.439922
2019-07-15 08:52:04.660478 +0200 CEST m=+132.690118899,129,455.806576
2019-07-15 08:52:04.91673 +0200 CEST m=+132.946368509,78,455.077220
2019-07-15 08:52:05.171824 +0200 CEST m=+133.201461063,168,454.524085
2019-07-15 08:52:05.427649 +0200 CEST m=+133.457284397,567,454.740385
2019-07-15 08:52:05.684777 +0200 CEST m=+133.714410513,423,454.679463
2019-07-15 08:52:05.938185 +0200 CEST m=+133.967817073,419,454.611111
2019-07-15 08:52:06.194783 +0200 CEST m=+134.224412579,207,454.137667
2019-07-15 08:52:06.45064 +0200 CEST m=+134.480267560,888,454.965649
2019-07-15 08:52:06.702481 +0200 CEST m=+134.732107450,219,454.516190
2019-07-15 08:52:06.958904 +0200 CEST m=+134.988528304,110,453.861217
2019-07-15 08:52:07.21653 +0200 CEST m=+135.246152402,1411,455.677419
2019-07-15 08:52:07.471013 +0200 CEST m=+135.500633444,429,455.626894
2019-07-15 08:52:07.724217 +0200 CEST m=+135.753835506,124,455.000000
2019-07-15 08:52:07.978032 +0200 CEST m=+136.007649365,89,454.309434
2019-07-15 08:52:08.235911 +0200 CEST m=+136.265525959,149,453.734463
2019-07-15 08:52:08.493654 +0200 CEST m=+136.523267268,585,453.981203
2019-07-15 08:52:08.748033 +0200 CEST m=+136.777644015,1724,456.363977
2019-07-15 08:52:09.004388 +0200 CEST m=+137.033997326,115,455.724719
2019-07-15 08:52:09.259351 +0200 CEST m=+137.288958440,358,455.542056
2019-07-15 08:52:09.512627 +0200 CEST m=+137.542233002,117,454.910448
2019-07-15 08:52:09.770841 +0200 CEST m=+137.800445238,4737,462.884544
2019-07-15 08:52:10.023744 +0200 CEST m=+138.053346657,1830,465.425651
2019-07-15 08:52:10.28068 +0200 CEST m=+138.310280429,1491,467.328386
2019-07-15 08:52:10.53146 +0200 CEST m=+138.561058876,511,467.409259
2019-07-15 08:52:10.790308 +0200 CEST m=+138.819904885,991,468.377079
2019-07-15 08:52:11.045863 +0200 CEST m=+139.075457619,777,468.946494
2019-07-15 08:52:11.299277 +0200 CEST m=+139.328870418,489,468.983425
2019-07-15 08:52:11.555102 +0200 CEST m=+139.584693794,559,469.148897
2019-07-15 08:52:11.811496 +0200 CEST m=+139.841085690,275,468.792661
2019-07-15 08:52:12.065205 +0200 CEST m=+140.094792477,200,468.300366
2019-07-15 08:52:12.322783 +0200 CEST m=+140.352368459,154,467.725777
2019-07-15 08:52:12.57969 +0200 CEST m=+140.609274031,925,468.560219
2019-07-15 08:52:12.831067 +0200 CEST m=+140.860649480,189,468.051002
2019-07-15 08:52:13.088375 +0200 CEST m=+141.117955019,194,467.552727
2019-07-15 08:52:13.346382 +0200 CEST m=+141.375960572,186,467.041742
2019-07-15 08:52:13.60212 +0200 CEST m=+141.631697239,209,466.574275
2019-07-15 08:52:13.856287 +0200 CEST m=+141.885862165,443,466.531646
2019-07-15 08:52:14.112471 +0200 CEST m=+142.142043736,274,466.184116
2019-07-15 08:52:14.368675 +0200 CEST m=+142.398246774,247,465.789189
2019-07-15 08:52:14.622511 +0200 CEST m=+142.652080451,213,465.334532
2019-07-15 08:52:14.87857 +0200 CEST m=+142.908137986,664,465.691203
2019-07-15 08:52:15.134639 +0200 CEST m=+143.164205345,373,465.525090
2019-07-15 08:52:15.386927 +0200 CEST m=+143.416490593,205,465.059034
2019-07-15 08:52:15.641965 +0200 CEST m=+143.671526749,213,464.608929
2019-07-15 08:52:15.895766 +0200 CEST m=+143.925326676,151,464.049911
2019-07-15 08:52:16.154962 +0200 CEST m=+144.184520218,159,463.507117
2019-07-15 08:52:16.408364 +0200 CEST m=+144.437920320,1307,465.005329
2019-07-15 08:52:16.66432 +0200 CEST m=+144.693874900,1135,466.193262
2019-07-15 08:52:16.922625 +0200 CEST m=+144.952177809,182,465.690265
2019-07-15 08:52:17.178031 +0200 CEST m=+145.207582003,165,465.159011
2019-07-15 08:52:17.428268 +0200 CEST m=+145.457817696,1777,467.472663
2019-07-15 08:52:17.687048 +0200 CEST m=+145.716596038,264,467.114437
2019-07-15 08:52:17.939757 +0200 CEST m=+145.969302635,254,466.739895
2019-07-15 08:52:18.193966 +0200 CEST m=+146.223510262,394,466.612281
2019-07-15 08:52:18.454773 +0200 CEST m=+146.484314559,186,466.120841
2019-07-15 08:52:18.710578 +0200 CEST m=+146.740117800,218,465.687063
2019-07-15 08:52:18.965374 +0200 CEST m=+146.994912171,182,465.191972
2019-07-15 08:52:19.218116 +0200 CEST m=+147.247652237,133,464.613240
2019-07-15 08:52:19.475868 +0200 CEST m=+147.505402573,159,464.081739
2019-07-15 08:52:19.726533 +0200 CEST m=+147.756065596,193,463.611111
2019-07-15 08:52:19.987032 +0200 CEST m=+148.016563374,104,462.987868
2019-07-15 08:52:20.239899 +0200 CEST m=+148.269427884,249,462.617647
2019-07-15 08:52:20.498448 +0200 CEST m=+148.527974957,118,462.022453
2019-07-15 08:52:20.750479 +0200 CEST m=+148.780004668,344,461.818966
2019-07-15 08:52:21.009192 +0200 CEST m=+149.038715617,192,461.354561
2019-07-15 08:52:21.26031 +0200 CEST m=+149.289832079,913,462.130584
2019-07-15 08:52:21.5152 +0200 CEST m=+149.544720354,91,461.493997
2019-07-15 08:52:21.775451 +0200 CEST m=+149.804969374,276,461.176370
2019-07-15 08:52:22.025533 +0200 CEST m=+150.055049646,498,461.239316
2019-07-15 08:52:22.281257 +0200 CEST m=+150.310771457,219,460.825939
2019-07-15 08:52:22.539595 +0200 CEST m=+150.569108133,1205,462.093697
2019-07-15 08:52:22.794826 +0200 CEST m=+150.824336665,1665,464.139456
2019-07-15 08:52:23.050293 +0200 CEST m=+151.079802098,485,464.174873
2019-07-15 08:52:23.307983 +0200 CEST m=+151.337490866,289,463.877966
2019-07-15 08:52:23.559617 +0200 CEST m=+151.589122746,382,463.739425
2019-07-15 08:52:23.816277 +0200 CEST m=+151.845780863,215,463.319257
2019-07-15 08:52:24.073079 +0200 CEST m=+152.102580853,150,462.790894
2019-07-15 08:52:24.329551 +0200 CEST m=+152.359050777,187,462.326599
2019-07-15 08:52:24.585251 +0200 CEST m=+152.614749427,134,461.774790
2019-07-15 08:52:24.835466 +0200 CEST m=+152.864962333,92,461.154362
2019-07-15 08:52:25.090079 +0200 CEST m=+153.119573546,153,460.638191
2019-07-15 08:52:25.351499 +0200 CEST m=+153.380991957,157,460.130435
2019-07-15 08:52:25.605672 +0200 CEST m=+153.635163433,82,459.499165
2019-07-15 08:52:25.861274 +0200 CEST m=+153.890763456,159,458.998333
2019-07-15 08:52:26.118129 +0200 CEST m=+154.147616005,120,458.434276
2019-07-15 08:52:26.384792 +0200 CEST m=+154.414277558,129,457.887043
2019-07-15 08:52:26.64023 +0200 CEST m=+154.669713689,208,457.472637
2019-07-15 08:52:26.891696 +0200 CEST m=+154.921177606,158,456.976821
2019-07-15 08:52:27.149384 +0200 CEST m=+155.178863726,123,456.424793
2019-07-15 08:52:27.403517 +0200 CEST m=+155.432995236,85,455.811881
2019-07-15 08:52:27.65696 +0200 CEST m=+155.686435852,87,455.204283
2019-07-15 08:52:27.913784 +0200 CEST m=+155.943258830,98,454.616776
2019-07-15 08:52:28.170096 +0200 CEST m=+156.199568566,82,454.004926
2019-07-15 08:52:28.425429 +0200 CEST m=+156.454900062,740,454.473770
2019-07-15 08:52:28.682537 +0200 CEST m=+156.712006334,98,453.890344
2019-07-15 08:52:28.933829 +0200 CEST m=+156.963295687,113,453.333333
2019-07-15 08:52:29.194438 +0200 CEST m=+157.223903629,83,452.729201
2019-07-15 08:52:29.446948 +0200 CEST m=+157.476411322,171,452.270358
2019-07-15 08:52:29.705104 +0200 CEST m=+157.734565809,252,451.944715
2019-07-15 08:52:29.960596 +0200 CEST m=+157.990056254,639,452.248377
2019-07-15 08:52:30.211871 +0200 CEST m=+158.241329170,79,451.643436
2019-07-15 08:52:30.470481 +0200 CEST m=+158.499937341,99,451.072816
2019-07-15 08:52:30.722361 +0200 CEST m=+158.751815125,97,450.500808
2019-07-15 08:52:30.98181 +0200 CEST m=+159.011262621,89,449.917742
2019-07-15 08:52:31.237156 +0200 CEST m=+159.266607065,87,449.333333
2019-07-15 08:52:31.489107 +0200 CEST m=+159.518556421,432,449.305466
2019-07-15 08:52:31.748291 +0200 CEST m=+159.777738520,309,449.080257
2019-07-15 08:52:32.000815 +0200 CEST m=+160.030260411,264,448.783654
2019-07-15 08:52:32.2596 +0200 CEST m=+160.289043590,427,448.748800
2019-07-15 08:52:32.510642 +0200 CEST m=+160.540083727,291,448.496805
2019-07-15 08:52:32.770253 +0200 CEST m=+160.799692279,124,447.979266
2019-07-15 08:52:33.02511 +0200 CEST m=+161.054548203,132,447.476115
2019-07-15 08:52:33.279866 +0200 CEST m=+161.309302016,301,447.243243
2019-07-15 08:52:33.536602 +0200 CEST m=+161.566036533,1011,448.138095
2019-07-15 08:52:33.797942 +0200 CEST m=+161.827374232,495,448.212361
2019-07-15 08:52:34.055804 +0200 CEST m=+162.085234408,306,447.987342
2019-07-15 08:52:34.310469 +0200 CEST m=+162.339898022,480,448.037915
2019-07-15 08:52:34.567368 +0200 CEST m=+162.596794655,298,447.801262
2019-07-15 08:52:34.82385 +0200 CEST m=+162.853275464,604,448.047244
2019-07-15 08:52:35.07951 +0200 CEST m=+163.108932759,230,447.704403
2019-07-15 08:52:35.336926 +0200 CEST m=+163.366347035,1218,448.913658
2019-07-15 08:52:35.598327 +0200 CEST m=+163.627746613,323,448.716301
2019-07-15 08:52:35.85563 +0200 CEST m=+163.885047199,386,448.618153
2019-07-15 08:52:36.112096 +0200 CEST m=+164.141512300,219,448.259375
2019-07-15 08:52:36.369467 +0200 CEST m=+164.398881417,4008,453.812793
2019-07-15 08:52:36.623871 +0200 CEST m=+164.653283014,173,453.375389
2019-07-15 08:52:36.879193 +0200 CEST m=+164.908603723,256,453.068429
2019-07-15 08:52:37.133884 +0200 CEST m=+165.163292867,608,453.309006
2019-07-15 08:52:37.387812 +0200 CEST m=+165.417218399,175,452.877519
2019-07-15 08:52:37.646613 +0200 CEST m=+165.676018115,208,452.498452
2019-07-15 08:52:37.907878 +0200 CEST m=+165.937280871,184,452.083462
2019-07-15 08:52:38.167861 +0200 CEST m=+166.197261821,508,452.169753
2019-07-15 08:52:38.423749 +0200 CEST m=+166.453148531,148,451.701079
2019-07-15 08:52:38.679661 +0200 CEST m=+166.709058666,153,451.241538
2019-07-15 08:52:38.930045 +0200 CEST m=+166.959440626,179,450.823349
2019-07-15 08:52:39.185481 +0200 CEST m=+167.214874600,477,450.863497
2019-07-15 08:52:39.446092 +0200 CEST m=+167.475484077,1461,452.410413
2019-07-15 08:52:39.701017 +0200 CEST m=+167.730406885,350,452.253823
2019-07-15 08:52:39.957339 +0200 CEST m=+167.986726953,554,452.409160
2019-07-15 08:52:40.210391 +0200 CEST m=+168.239777397,258,452.112805
2019-07-15 08:52:40.466218 +0200 CEST m=+168.495602561,775,452.604262
2019-07-15 08:52:40.717898 +0200 CEST m=+168.747280891,188,452.202128
2019-07-15 08:52:40.977329 +0200 CEST m=+169.006709876,697,452.573596
2019-07-15 08:52:41.232759 +0200 CEST m=+169.262138457,227,452.231818
2019-07-15 08:52:41.487127 +0200 CEST m=+169.516504461,3731,457.192133
2019-07-15 08:52:41.740122 +0200 CEST m=+169.769497103,1323,458.500000
2019-07-15 08:52:41.998857 +0200 CEST m=+170.028230325,313,458.280543
2019-07-15 08:52:42.254652 +0200 CEST m=+170.284024146,332,458.090361
2019-07-15 08:52:42.509052 +0200 CEST m=+170.538422097,448,458.075188
2019-07-15 08:52:42.765755 +0200 CEST m=+170.795123107,865,458.686186
2019-07-15 08:52:43.021754 +0200 CEST m=+171.051120922,262,458.391304
2019-07-15 08:52:43.27302 +0200 CEST m=+171.302384886,832,458.950599
2019-07-15 08:52:43.531695 +0200 CEST m=+171.561057732,183,458.538117
2019-07-15 08:52:43.788296 +0200 CEST m=+171.817657331,1372,459.901493
2019-07-15 08:52:44.042723 +0200 CEST m=+172.072082517,1835,461.950820
2019-07-15 08:52:44.293212 +0200 CEST m=+172.322568978,828,462.495536
2019-07-15 08:52:44.550438 +0200 CEST m=+172.579793410,1893,464.621100
2019-07-15 08:52:44.810325 +0200 CEST m=+172.839678930,976,465.379822
2019-07-15 08:52:45.062506 +0200 CEST m=+173.091858001,418,465.309630
2019-07-15 08:52:45.320795 +0200 CEST m=+173.350145163,680,465.627219
2019-07-15 08:52:45.574433 +0200 CEST m=+173.603781213,528,465.719350
2019-07-15 08:52:45.830406 +0200 CEST m=+173.859752182,621,465.948378
2019-07-15 08:52:46.081811 +0200 CEST m=+174.111155254,1836,467.966127
2019-07-15 08:52:46.341858 +0200 CEST m=+174.371200279,581,468.132353
2019-07-15 08:52:46.594548 +0200 CEST m=+174.623889305,416,468.055800
2019-07-15 08:52:46.847383 +0200 CEST m=+174.876722149,393,467.945748
2019-07-15 08:52:47.108103 +0200 CEST m=+175.137439858,1486,469.436310
2019-07-15 08:52:47.36171 +0200 CEST m=+175.391045178,429,469.377193
2019-07-15 08:52:47.61492 +0200 CEST m=+175.644253943,334,469.179562
2019-07-15 08:52:47.871266 +0200 CEST m=+175.900598027,205,468.794461
2019-07-15 08:52:48.12909 +0200 CEST m=+176.158420079,593,468.975255
2019-07-15 08:52:48.380565 +0200 CEST m=+176.409892948,1274,470.145349
2019-07-15 08:52:48.641098 +0200 CEST m=+176.670424488,249,469.824383
2019-07-15 08:52:48.893432 +0200 CEST m=+176.922756842,1570,471.418841
2019-07-15 08:52:49.151185 +0200 CEST m=+177.180507813,652,471.680174
