2019-07-15 12:26:45.869432 +0200 CEST m=+0.740197763,0,0.000000
2019-07-15 12:26:46.125729 +0200 CEST m=+0.996493438,27719,13859.500000
2019-07-15 12:26:46.380841 +0200 CEST m=+1.251603937,20238,15985.666667
2019-07-15 12:26:46.638389 +0200 CEST m=+1.509150256,37573,21382.500000
2019-07-15 12:26:46.905872 +0200 CEST m=+1.776631696,32161,23538.200000
2019-07-15 12:26:47.160702 +0200 CEST m=+2.031459669,30793,24747.333333
2019-07-15 12:26:47.41289 +0200 CEST m=+2.283646997,26918,25057.428571
2019-07-15 12:26:47.671586 +0200 CEST m=+2.542340746,29616,25627.250000
2019-07-15 12:26:47.934174 +0200 CEST m=+2.804927156,48616,28181.555556
2019-07-15 12:26:48.191595 +0200 CEST m=+3.062347208,21717,27535.100000
2019-07-15 12:26:48.4449 +0200 CEST m=+3.315650806,14735,26371.454545
2019-07-15 12:26:48.701779 +0200 CEST m=+3.572528305,14553,25386.583333
2019-07-15 12:26:48.95785 +0200 CEST m=+3.828597139,14136,24521.153846
2019-07-15 12:26:49.214261 +0200 CEST m=+4.085006604,13664,23745.642857
2019-07-15 12:26:49.469386 +0200 CEST m=+4.340130141,20704,23542.866667
2019-07-15 12:26:49.725896 +0200 CEST m=+4.596638554,23016,23509.937500
2019-07-15 12:26:49.976321 +0200 CEST m=+4.847061712,23983,23537.764706
2019-07-15 12:26:50.237181 +0200 CEST m=+5.107920986,18317,23247.722222
2019-07-15 12:26:50.49104 +0200 CEST m=+5.361777689,48611,24582.631579
2019-07-15 12:26:50.747588 +0200 CEST m=+5.618324191,61553,26431.150000
2019-07-15 12:26:50.997866 +0200 CEST m=+5.868601291,36258,26899.095238
2019-07-15 12:26:51.257428 +0200 CEST m=+6.128161592,19779,26575.454545
2019-07-15 12:26:51.508634 +0200 CEST m=+6.379366476,18514,26224.956522
2019-07-15 12:26:51.768964 +0200 CEST m=+6.639694114,16253,25809.458333
2019-07-15 12:26:52.02525 +0200 CEST m=+6.895978614,15141,25382.720000
2019-07-15 12:26:52.292673 +0200 CEST m=+7.163400176,9443,24769.653846
2019-07-15 12:26:52.543076 +0200 CEST m=+7.413801394,5077,24040.296296
2019-07-15 12:26:52.802556 +0200 CEST m=+7.673280316,60370,25337.785714
2019-07-15 12:26:53.057452 +0200 CEST m=+7.928174644,44504,25998.689655
2019-07-15 12:26:53.30843 +0200 CEST m=+8.179151049,43545,26583.566667
2019-07-15 12:26:53.566011 +0200 CEST m=+8.436730629,7720,25975.064516
2019-07-15 12:26:53.822205 +0200 CEST m=+8.692923193,5472,25334.343750
2019-07-15 12:26:54.077063 +0200 CEST m=+8.947779514,12976,24959.848485
2019-07-15 12:26:54.330824 +0200 CEST m=+9.201539235,24018,24932.147059
2019-07-15 12:26:54.588837 +0200 CEST m=+9.459550935,17913,24731.600000
2019-07-15 12:26:54.842294 +0200 CEST m=+9.713005853,15720,24481.277778
2019-07-15 12:26:55.097111 +0200 CEST m=+9.967821582,9916,24087.621622
2019-07-15 12:26:55.357161 +0200 CEST m=+10.227869492,14742,23841.684211
2019-07-15 12:26:55.612778 +0200 CEST m=+10.483485166,11552,23526.564103
2019-07-15 12:26:55.879733 +0200 CEST m=+10.750438498,16312,23346.200000
2019-07-15 12:26:56.134245 +0200 CEST m=+11.004948731,8946,22994.975610
2019-07-15 12:26:56.389768 +0200 CEST m=+11.260470932,5785,22585.214286
2019-07-15 12:26:56.640503 +0200 CEST m=+11.511204073,10747,22309.906977
2019-07-15 12:26:56.898796 +0200 CEST m=+11.769495535,33883,22572.931818
2019-07-15 12:26:57.156634 +0200 CEST m=+12.027332046,29055,22716.977778
2019-07-15 12:26:57.408466 +0200 CEST m=+12.279162733,31468,22907.217391
2019-07-15 12:26:57.663984 +0200 CEST m=+12.534678926,30651,23071.978723
2019-07-15 12:26:57.920419 +0200 CEST m=+12.791112643,25492,23122.395833
2019-07-15 12:26:58.174499 +0200 CEST m=+13.045191046,8444,22822.836735
2019-07-15 12:26:58.428234 +0200 CEST m=+13.298924292,19999,22766.360000
2019-07-15 12:26:58.686821 +0200 CEST m=+13.557509869,33776,22982.235294
2019-07-15 12:26:58.941429 +0200 CEST m=+13.812116184,33394,23182.461538
2019-07-15 12:26:59.197226 +0200 CEST m=+14.067911714,24052,23198.867925
2019-07-15 12:26:59.455699 +0200 CEST m=+14.326383045,21933,23175.425926
2019-07-15 12:26:59.717403 +0200 CEST m=+14.588086133,17535,23072.872727
2019-07-15 12:26:59.978378 +0200 CEST m=+14.849059437,11887,22873.125000
2019-07-15 12:27:00.22935 +0200 CEST m=+15.100029301,21374,22846.824561
2019-07-15 12:27:00.488037 +0200 CEST m=+15.358715201,11796,22656.293103
2019-07-15 12:27:00.74385 +0200 CEST m=+15.614526690,11030,22459.237288
2019-07-15 12:27:00.997252 +0200 CEST m=+15.867926974,8899,22233.233333
2019-07-15 12:27:01.255169 +0200 CEST m=+16.125842627,6070,21968.262295
2019-07-15 12:27:01.510536 +0200 CEST m=+16.381207583,5595,21704.177419
2019-07-15 12:27:01.764753 +0200 CEST m=+16.635423256,5158,21441.539683
2019-07-15 12:27:02.021494 +0200 CEST m=+16.892163166,8987,21246.937500
2019-07-15 12:27:02.276974 +0200 CEST m=+17.147641765,23035,21274.446154
2019-07-15 12:27:02.532077 +0200 CEST m=+17.402743013,23069,21301.636364
2019-07-15 12:27:02.785613 +0200 CEST m=+17.656277647,18706,21262.895522
2019-07-15 12:27:03.040101 +0200 CEST m=+17.910763698,26670,21342.411765
2019-07-15 12:27:03.298392 +0200 CEST m=+18.169052789,20628,21332.057971
2019-07-15 12:27:03.551165 +0200 CEST m=+18.421824936,7410,21133.171429
2019-07-15 12:27:03.808436 +0200 CEST m=+18.679094450,6221,20923.140845
2019-07-15 12:27:04.064112 +0200 CEST m=+18.934768259,6254,20719.402778
2019-07-15 12:27:04.318875 +0200 CEST m=+19.189529953,18466,20688.534247
2019-07-15 12:27:04.575458 +0200 CEST m=+19.446111116,55468,21158.527027
2019-07-15 12:27:04.826688 +0200 CEST m=+19.697339643,43881,21461.493333
2019-07-15 12:27:05.087128 +0200 CEST m=+19.957778595,45592,21779.000000
2019-07-15 12:27:05.338651 +0200 CEST m=+20.209299601,27811,21857.337662
2019-07-15 12:27:05.592718 +0200 CEST m=+20.463364869,20841,21844.307692
2019-07-15 12:27:05.848007 +0200 CEST m=+20.718653202,20913,21832.518987
2019-07-15 12:27:06.106248 +0200 CEST m=+20.976892747,38601,22042.125000
2019-07-15 12:27:06.361428 +0200 CEST m=+21.232070543,57753,22483.000000
2019-07-15 12:27:06.615604 +0200 CEST m=+21.486245286,34375,22628.024390
2019-07-15 12:27:06.869246 +0200 CEST m=+21.739885722,17681,22568.421687
2019-07-15 12:27:07.129147 +0200 CEST m=+21.999785231,13158,22456.392857
2019-07-15 12:27:07.380861 +0200 CEST m=+22.251497889,13073,22346.000000
2019-07-15 12:27:07.634965 +0200 CEST m=+22.505600247,21704,22338.534884
2019-07-15 12:27:07.895189 +0200 CEST m=+22.765822852,7365,22166.425287
2019-07-15 12:27:08.151542 +0200 CEST m=+23.022174208,5578,21977.920455
2019-07-15 12:27:08.405267 +0200 CEST m=+23.275897202,5412,21791.786517
2019-07-15 12:27:08.657639 +0200 CEST m=+23.528267627,7052,21628.011111
2019-07-15 12:27:08.916604 +0200 CEST m=+23.787231424,6162,21458.054945
2019-07-15 12:27:09.171832 +0200 CEST m=+24.042458260,7019,21301.108696
2019-07-15 12:27:09.426208 +0200 CEST m=+24.296831906,7387,21151.494624
2019-07-15 12:27:09.678368 +0200 CEST m=+24.548990597,5581,20985.851064
2019-07-15 12:27:09.938268 +0200 CEST m=+24.808889184,9203,20861.821053
2019-07-15 12:27:10.191188 +0200 CEST m=+25.061808000,6268,20709.802083
2019-07-15 12:27:10.44649 +0200 CEST m=+25.317108688,5726,20555.329897
2019-07-15 12:27:10.700771 +0200 CEST m=+25.571387756,6137,20408.204082
2019-07-15 12:27:10.961241 +0200 CEST m=+25.831855636,6394,20266.646465
2019-07-15 12:27:11.215591 +0200 CEST m=+26.086204554,5460,20118.580000
2019-07-15 12:27:11.467816 +0200 CEST m=+26.338427665,6682,19985.544554
2019-07-15 12:27:11.723999 +0200 CEST m=+26.594609478,6903,19857.284314
2019-07-15 12:27:11.981608 +0200 CEST m=+26.852217078,7634,19738.611650
2019-07-15 12:27:12.237949 +0200 CEST m=+27.108555989,7709,19622.942308
2019-07-15 12:27:12.488934 +0200 CEST m=+27.359539972,6234,19495.428571
2019-07-15 12:27:12.7493 +0200 CEST m=+27.619904131,10803,19413.424528
2019-07-15 12:27:13.003343 +0200 CEST m=+27.873945646,5679,19285.065421
2019-07-15 12:27:13.254627 +0200 CEST m=+28.125227901,6214,19164.037037
2019-07-15 12:27:13.510267 +0200 CEST m=+28.380867202,6568,19048.477064
2019-07-15 12:27:13.765707 +0200 CEST m=+28.636305664,6269,18932.300000
2019-07-15 12:27:14.021058 +0200 CEST m=+28.891655154,5011,18806.882883
2019-07-15 12:27:14.278242 +0200 CEST m=+29.148837059,5361,18686.830357
2019-07-15 12:27:14.531968 +0200 CEST m=+29.402561565,6653,18580.336283
2019-07-15 12:27:14.78714 +0200 CEST m=+29.657732489,5753,18467.815789
2019-07-15 12:27:15.043553 +0200 CEST m=+29.914143846,5903,18358.556522
2019-07-15 12:27:15.303051 +0200 CEST m=+30.173640350,7196,18262.327586
2019-07-15 12:27:15.553199 +0200 CEST m=+30.423786686,6419,18161.102564
2019-07-15 12:27:15.812083 +0200 CEST m=+30.682668711,6713,18064.084746
2019-07-15 12:27:16.063392 +0200 CEST m=+30.933976585,20169,18081.773109
2019-07-15 12:27:16.31355 +0200 CEST m=+31.184133035,17120,18073.758333
2019-07-15 12:27:16.567876 +0200 CEST m=+31.438456971,17000,18064.884298
2019-07-15 12:27:16.823571 +0200 CEST m=+31.694151135,14938,18039.254098
2019-07-15 12:27:17.079723 +0200 CEST m=+31.950301251,7298,17951.926829
2019-07-15 12:27:17.334874 +0200 CEST m=+32.205451278,5292,17849.830645
2019-07-15 12:27:17.588391 +0200 CEST m=+32.458966675,5600,17751.832000
2019-07-15 12:27:17.845398 +0200 CEST m=+32.715971670,5333,17653.269841
2019-07-15 12:27:18.099328 +0200 CEST m=+32.969900355,3975,17545.566929
2019-07-15 12:27:18.355335 +0200 CEST m=+33.225905835,10182,17488.039062
2019-07-15 12:27:18.61208 +0200 CEST m=+33.482649095,18083,17492.651163
2019-07-15 12:27:18.877775 +0200 CEST m=+33.748342672,12918,17457.461538
2019-07-15 12:27:19.134557 +0200 CEST m=+34.005122515,8881,17391.992366
2019-07-15 12:27:19.387414 +0200 CEST m=+34.257978125,7572,17317.598485
2019-07-15 12:27:19.642041 +0200 CEST m=+34.512604325,7485,17243.669173
2019-07-15 12:27:19.900755 +0200 CEST m=+34.771316084,7246,17169.059701
2019-07-15 12:27:20.155249 +0200 CEST m=+35.025808610,7874,17100.207407
2019-07-15 12:27:20.409725 +0200 CEST m=+35.280283043,7914,17032.661765
2019-07-15 12:27:20.667209 +0200 CEST m=+35.537766059,9045,16974.357664
2019-07-15 12:27:20.921909 +0200 CEST m=+35.792464502,9823,16922.536232
2019-07-15 12:27:21.172949 +0200 CEST m=+36.043502666,6842,16850.014388
2019-07-15 12:27:21.42786 +0200 CEST m=+36.298412340,6470,16775.871429
2019-07-15 12:27:21.683038 +0200 CEST m=+36.553588157,5454,16695.574468
2019-07-15 12:27:21.940682 +0200 CEST m=+36.811230760,4126,16607.056338
2019-07-15 12:27:22.193955 +0200 CEST m=+37.064502117,4066,16519.356643
2019-07-15 12:27:22.455171 +0200 CEST m=+37.325716805,4240,16434.083333
2019-07-15 12:27:22.705707 +0200 CEST m=+37.576252010,6489,16365.496552
2019-07-15 12:27:22.962538 +0200 CEST m=+37.833080855,5926,16293.993151
2019-07-15 12:27:23.221436 +0200 CEST m=+38.091977660,4636,16214.687075
2019-07-15 12:27:23.48403 +0200 CEST m=+38.354569568,6582,16149.601351
2019-07-15 12:27:23.738455 +0200 CEST m=+38.608993535,6494,16084.798658
2019-07-15 12:27:23.998156 +0200 CEST m=+38.868692554,6850,16023.233333
2019-07-15 12:27:24.253644 +0200 CEST m=+39.124178999,5376,15952.721854
2019-07-15 12:27:24.510601 +0200 CEST m=+39.381134932,5239,15882.236842
2019-07-15 12:27:24.763356 +0200 CEST m=+39.633887791,5547,15814.686275
2019-07-15 12:27:25.021562 +0200 CEST m=+39.892114766,5519,15747.831169
2019-07-15 12:27:25.282675 +0200 CEST m=+40.153203983,5598,15682.348387
2019-07-15 12:27:25.54232 +0200 CEST m=+40.412847297,5210,15615.217949
2019-07-15 12:27:25.795142 +0200 CEST m=+40.665667557,4746,15545.987261
2019-07-15 12:27:26.051657 +0200 CEST m=+40.922181664,4418,15475.556962
2019-07-15 12:27:26.306653 +0200 CEST m=+41.177176023,11291,15449.238994
2019-07-15 12:27:26.563909 +0200 CEST m=+41.434430697,5623,15387.825000
2019-07-15 12:27:26.815005 +0200 CEST m=+41.685525136,4563,15320.590062
2019-07-15 12:27:27.076238 +0200 CEST m=+41.946755920,15400,15321.080247
2019-07-15 12:27:27.331023 +0200 CEST m=+42.201539371,8808,15281.122699
2019-07-15 12:27:27.58274 +0200 CEST m=+42.453254791,10468,15251.774390
2019-07-15 12:27:27.841156 +0200 CEST m=+42.711669997,9549,15217.212121
2019-07-15 12:27:28.097578 +0200 CEST m=+42.968089934,9731,15184.162651
2019-07-15 12:27:28.353297 +0200 CEST m=+43.223808045,6690,15133.299401
2019-07-15 12:27:28.609087 +0200 CEST m=+43.479596062,6198,15080.113095
2019-07-15 12:27:28.859701 +0200 CEST m=+43.730209055,7371,15034.497041
2019-07-15 12:27:29.116088 +0200 CEST m=+43.986593949,6007,14981.394118
2019-07-15 12:27:29.375113 +0200 CEST m=+44.245617471,6511,14931.859649
2019-07-15 12:27:29.630116 +0200 CEST m=+44.500619314,8914,14896.872093
2019-07-15 12:27:29.88559 +0200 CEST m=+44.756091597,6698,14849.479769
2019-07-15 12:27:30.135605 +0200 CEST m=+45.006104752,16595,14859.511494
2019-07-15 12:27:30.391359 +0200 CEST m=+45.261857679,7640,14818.257143
2019-07-15 12:27:30.651601 +0200 CEST m=+45.522097965,24882,14875.437500
2019-07-15 12:27:30.907554 +0200 CEST m=+45.778049066,23739,14925.514124
2019-07-15 12:27:31.161835 +0200 CEST m=+46.032329018,10108,14898.449438
2019-07-15 12:27:31.414431 +0200 CEST m=+46.284922734,4896,14842.569832
2019-07-15 12:27:31.673654 +0200 CEST m=+46.544144724,5590,14791.166667
2019-07-15 12:27:31.926402 +0200 CEST m=+46.796891108,7956,14753.403315
2019-07-15 12:27:32.184894 +0200 CEST m=+47.055381714,6233,14706.587912
2019-07-15 12:27:32.439092 +0200 CEST m=+47.309577585,6644,14662.530055
2019-07-15 12:27:32.69033 +0200 CEST m=+47.560814003,7976,14626.190217
2019-07-15 12:27:32.95053 +0200 CEST m=+47.821012938,15223,14629.416216
2019-07-15 12:27:33.206026 +0200 CEST m=+48.076507834,39481,14763.026882
2019-07-15 12:27:33.45986 +0200 CEST m=+48.330340162,19469,14788.192513
2019-07-15 12:27:33.716883 +0200 CEST m=+48.587361342,14872,14788.638298
2019-07-15 12:27:33.972363 +0200 CEST m=+48.842839739,21443,14823.846561
2019-07-15 12:27:34.224677 +0200 CEST m=+49.095152703,12927,14813.863158
2019-07-15 12:27:34.47789 +0200 CEST m=+49.348363880,12069,14799.492147
2019-07-15 12:27:34.736414 +0200 CEST m=+49.606885877,6762,14757.630208
2019-07-15 12:27:34.992365 +0200 CEST m=+49.862836052,7299,14718.984456
2019-07-15 12:27:35.247964 +0200 CEST m=+50.118433306,17744,14734.577320
2019-07-15 12:27:35.501434 +0200 CEST m=+50.371901794,26348,14794.133333
2019-07-15 12:27:35.760031 +0200 CEST m=+50.630496889,23026,14836.132653
2019-07-15 12:27:36.012406 +0200 CEST m=+50.882870757,20669,14865.741117
2019-07-15 12:27:36.267977 +0200 CEST m=+51.138439584,44506,15015.439394
2019-07-15 12:27:36.523115 +0200 CEST m=+51.393576984,21870,15049.884422
2019-07-15 12:27:36.780679 +0200 CEST m=+51.651138905,6869,15008.980000
2019-07-15 12:27:37.036822 +0200 CEST m=+51.907280558,20525,15036.422886
2019-07-15 12:27:37.291476 +0200 CEST m=+52.161932648,25699,15089.207921
2019-07-15 12:27:37.546031 +0200 CEST m=+52.416486030,41575,15219.679803
2019-07-15 12:27:37.803738 +0200 CEST m=+52.674191536,38140,15332.034314
2019-07-15 12:27:38.059072 +0200 CEST m=+52.929524176,31460,15410.707317
2019-07-15 12:27:38.31142 +0200 CEST m=+53.181871135,27114,15467.519417
2019-07-15 12:27:38.568293 +0200 CEST m=+53.438742140,28653,15531.217391
2019-07-15 12:27:38.824221 +0200 CEST m=+53.694668836,26505,15583.975962
2019-07-15 12:27:39.079915 +0200 CEST m=+53.950360971,18395,15597.425837
2019-07-15 12:27:39.332793 +0200 CEST m=+54.203237715,45114,15737.980952
2019-07-15 12:27:39.589163 +0200 CEST m=+54.459606532,17583,15746.725118
2019-07-15 12:27:39.847194 +0200 CEST m=+54.717635154,32027,15823.518868
2019-07-15 12:27:40.100524 +0200 CEST m=+54.970964124,28982,15885.295775
2019-07-15 12:27:40.352077 +0200 CEST m=+55.222515210,14747,15879.976636
2019-07-15 12:27:40.611165 +0200 CEST m=+55.481602220,17076,15885.539535
2019-07-15 12:27:40.863642 +0200 CEST m=+55.734077444,5110,15835.652778
2019-07-15 12:27:41.118775 +0200 CEST m=+55.989208849,7337,15796.488479
2019-07-15 12:27:41.377064 +0200 CEST m=+56.247496660,45481,15932.655963
2019-07-15 12:27:41.634834 +0200 CEST m=+56.505264630,23786,15968.515982
2019-07-15 12:27:41.890116 +0200 CEST m=+56.760545457,12671,15953.527273
2019-07-15 12:27:42.144649 +0200 CEST m=+57.015077173,5173,15904.746606
2019-07-15 12:27:42.39707 +0200 CEST m=+57.267495838,4431,15853.063063
2019-07-15 12:27:42.65577 +0200 CEST m=+57.526194806,4992,15804.358744
2019-07-15 12:27:42.911577 +0200 CEST m=+57.781999802,18260,15815.321429
2019-07-15 12:27:43.165655 +0200 CEST m=+58.036076299,44379,15942.271111
2019-07-15 12:27:43.42337 +0200 CEST m=+58.293790299,39393,16046.035398
2019-07-15 12:27:43.675973 +0200 CEST m=+58.546391616,40479,16153.669604
2019-07-15 12:27:43.931705 +0200 CEST m=+58.802122379,7201,16114.403509
2019-07-15 12:27:44.18813 +0200 CEST m=+59.058545427,21604,16138.375546
2019-07-15 12:27:44.438989 +0200 CEST m=+59.309402513,23753,16171.482609
2019-07-15 12:27:44.699296 +0200 CEST m=+59.569708096,12547,16155.792208
2019-07-15 12:27:44.951309 +0200 CEST m=+59.821720221,9821,16128.487069
2019-07-15 12:27:45.2055 +0200 CEST m=+60.075909212,5836,16084.313305
2019-07-15 12:27:45.462183 +0200 CEST m=+60.332590303,6694,16044.183761
2019-07-15 12:27:45.720669 +0200 CEST m=+60.591075590,7437,16007.557447
2019-07-15 12:27:45.974648 +0200 CEST m=+60.845053162,6434,15966.991525
2019-07-15 12:27:46.231517 +0200 CEST m=+61.101920634,6737,15928.046414
2019-07-15 12:27:46.486305 +0200 CEST m=+61.356706881,10938,15907.079832
2019-07-15 12:27:46.740783 +0200 CEST m=+61.611182912,8960,15878.012552
2019-07-15 12:27:46.998042 +0200 CEST m=+61.868440370,5222,15833.612500
2019-07-15 12:27:47.250654 +0200 CEST m=+62.121051248,4366,15786.029046
2019-07-15 12:27:47.505993 +0200 CEST m=+62.376388104,4115,15737.801653
2019-07-15 12:27:47.760601 +0200 CEST m=+62.630995064,4694,15692.353909
2019-07-15 12:27:48.019388 +0200 CEST m=+62.889780408,3100,15640.745902
2019-07-15 12:27:48.27471 +0200 CEST m=+63.145101317,8291,15610.746939
2019-07-15 12:27:48.530794 +0200 CEST m=+63.401183119,22801,15639.975610
2019-07-15 12:27:48.783566 +0200 CEST m=+63.653953591,28049,15690.214575
2019-07-15 12:27:49.039022 +0200 CEST m=+63.909408372,27937,15739.596774
2019-07-15 12:27:49.295798 +0200 CEST m=+64.166182624,13053,15728.807229
2019-07-15 12:27:49.553422 +0200 CEST m=+64.423805155,9211,15702.736000
2019-07-15 12:27:49.80538 +0200 CEST m=+64.675761289,9982,15679.944223
2019-07-15 12:27:50.062626 +0200 CEST m=+64.933005731,7527,15647.591270
2019-07-15 12:27:50.319692 +0200 CEST m=+65.190070242,5415,15607.146245
2019-07-15 12:27:50.572275 +0200 CEST m=+65.442652535,4768,15564.472441
2019-07-15 12:27:50.828258 +0200 CEST m=+65.698633536,5327,15524.325490
2019-07-15 12:27:51.083294 +0200 CEST m=+65.953667764,4138,15479.847656
2019-07-15 12:27:51.335403 +0200 CEST m=+66.205775981,3164,15431.926070
2019-07-15 12:27:51.59277 +0200 CEST m=+66.463140814,5930,15395.096899
2019-07-15 12:27:51.851789 +0200 CEST m=+66.722157951,6508,15360.783784
2019-07-15 12:27:52.105618 +0200 CEST m=+66.975986336,8843,15335.715385
2019-07-15 12:27:52.36197 +0200 CEST m=+67.232336215,9278,15312.505747
2019-07-15 12:27:52.618141 +0200 CEST m=+67.488505881,6541,15279.026718
2019-07-15 12:27:52.872185 +0200 CEST m=+67.742547873,5011,15239.984791
2019-07-15 12:27:53.128972 +0200 CEST m=+67.999333785,4508,15199.333333
2019-07-15 12:27:53.384379 +0200 CEST m=+68.254739659,4932,15160.588679
2019-07-15 12:27:53.63499 +0200 CEST m=+68.505348458,4688,15121.218045
2019-07-15 12:27:53.893936 +0200 CEST m=+68.764293378,5229,15084.168539
2019-07-15 12:27:54.148982 +0200 CEST m=+69.019338080,4782,15045.727612
2019-07-15 12:27:54.404381 +0200 CEST m=+69.274734710,3625,15003.271375
2019-07-15 12:27:54.661879 +0200 CEST m=+69.532231393,3888,14962.103704
2019-07-15 12:27:54.913663 +0200 CEST m=+69.784013999,6428,14930.612546
2019-07-15 12:27:55.170009 +0200 CEST m=+70.040358567,7310,14902.595588
2019-07-15 12:27:55.425949 +0200 CEST m=+70.296296729,5204,14867.069597
2019-07-15 12:27:55.681213 +0200 CEST m=+70.551559169,4959,14830.908759
2019-07-15 12:27:55.933021 +0200 CEST m=+70.803366044,5282,14796.185455
2019-07-15 12:27:56.188338 +0200 CEST m=+71.058681469,4410,14758.554348
2019-07-15 12:27:56.445303 +0200 CEST m=+71.315644498,5439,14724.909747
2019-07-15 12:27:56.699685 +0200 CEST m=+71.570025707,6842,14696.553957
2019-07-15 12:27:56.960161 +0200 CEST m=+71.830499409,6346,14666.623656
2019-07-15 12:27:57.214097 +0200 CEST m=+72.084434428,7888,14642.414286
2019-07-15 12:27:57.469642 +0200 CEST m=+72.339977628,10387,14627.270463
2019-07-15 12:27:57.720476 +0200 CEST m=+72.590810371,6005,14596.695035
2019-07-15 12:27:57.977382 +0200 CEST m=+72.847714733,8151,14573.918728
2019-07-15 12:27:58.23519 +0200 CEST m=+73.105521135,14540,14573.799296
2019-07-15 12:27:58.490503 +0200 CEST m=+73.360832817,11242,14562.108772
2019-07-15 12:27:58.748171 +0200 CEST m=+73.618498539,6335,14533.342657
2019-07-15 12:27:59.003604 +0200 CEST m=+73.873930539,4741,14499.222997
2019-07-15 12:27:59.258935 +0200 CEST m=+74.129259432,6532,14471.559028
2019-07-15 12:27:59.520675 +0200 CEST m=+74.390998013,13654,14468.730104
2019-07-15 12:27:59.781669 +0200 CEST m=+74.651990281,11619,14458.903448
2019-07-15 12:28:00.035198 +0200 CEST m=+74.905518610,10101,14443.927835
2019-07-15 12:28:00.288508 +0200 CEST m=+75.158826661,5150,14412.099315
2019-07-15 12:28:00.545366 +0200 CEST m=+75.415682814,3987,14376.518771
2019-07-15 12:28:00.802123 +0200 CEST m=+75.672438208,7711,14353.846939
2019-07-15 12:28:01.058594 +0200 CEST m=+75.928907815,11645,14344.664407
2019-07-15 12:28:01.312179 +0200 CEST m=+76.182491063,10929,14333.125000
2019-07-15 12:28:01.568565 +0200 CEST m=+76.438876422,12415,14326.666667
2019-07-15 12:28:01.824003 +0200 CEST m=+76.694312799,5800,14298.053691
2019-07-15 12:28:02.074452 +0200 CEST m=+76.944759704,5603,14268.973244
2019-07-15 12:28:02.333956 +0200 CEST m=+77.204262720,4444,14236.223333
2019-07-15 12:28:02.589003 +0200 CEST m=+77.459308107,6113,14209.235880
2019-07-15 12:28:02.842476 +0200 CEST m=+77.712794284,3524,14173.854305
2019-07-15 12:28:03.102089 +0200 CEST m=+77.972390951,2922,14136.719472
2019-07-15 12:28:03.357203 +0200 CEST m=+78.227503102,10537,14124.878289
2019-07-15 12:28:03.611983 +0200 CEST m=+78.482281559,6263,14099.101639
2019-07-15 12:28:03.862331 +0200 CEST m=+78.732627807,6950,14075.738562
2019-07-15 12:28:04.122929 +0200 CEST m=+78.993224252,6882,14052.306189
2019-07-15 12:28:04.37862 +0200 CEST m=+79.248914462,13796,14051.474026
2019-07-15 12:28:04.634491 +0200 CEST m=+79.504783266,11670,14043.766990
2019-07-15 12:28:04.901889 +0200 CEST m=+79.772179680,7578,14022.909677
2019-07-15 12:28:05.153592 +0200 CEST m=+80.023881632,8269,14004.408360
2019-07-15 12:28:05.410992 +0200 CEST m=+80.281279574,5930,13978.528846
2019-07-15 12:28:05.664055 +0200 CEST m=+80.534341346,4829,13949.297125
2019-07-15 12:28:05.923135 +0200 CEST m=+80.793419596,4244,13918.388535
2019-07-15 12:28:06.17852 +0200 CEST m=+81.048802956,8143,13900.053968
2019-07-15 12:28:06.433784 +0200 CEST m=+81.304065812,7761,13880.626582
2019-07-15 12:28:06.689258 +0200 CEST m=+81.559538715,5538,13854.309148
2019-07-15 12:28:06.940011 +0200 CEST m=+81.810290185,7014,13832.798742
2019-07-15 12:28:07.200307 +0200 CEST m=+82.070584666,10062,13820.978056
2019-07-15 12:28:07.453741 +0200 CEST m=+82.324016497,6979,13799.596875
2019-07-15 12:28:07.708461 +0200 CEST m=+82.578735065,12627,13795.943925
2019-07-15 12:28:07.962616 +0200 CEST m=+82.832889001,5418,13769.925466
2019-07-15 12:28:08.216821 +0200 CEST m=+83.087091714,9690,13757.294118
2019-07-15 12:28:08.477236 +0200 CEST m=+83.347505865,5832,13732.833333
2019-07-15 12:28:08.730718 +0200 CEST m=+83.600986294,4479,13704.360000
2019-07-15 12:28:08.983603 +0200 CEST m=+83.853869477,3896,13674.273006
2019-07-15 12:28:09.238662 +0200 CEST m=+84.108926807,9118,13660.339450
2019-07-15 12:28:09.497542 +0200 CEST m=+84.367805364,9281,13646.987805
2019-07-15 12:28:09.754589 +0200 CEST m=+84.624850588,8874,13632.480243
2019-07-15 12:28:10.004738 +0200 CEST m=+84.874998612,6904,13612.090909
2019-07-15 12:28:10.2654 +0200 CEST m=+85.135658489,5369,13587.187311
2019-07-15 12:28:10.518599 +0200 CEST m=+85.388856341,7831,13569.849398
2019-07-15 12:28:10.77604 +0200 CEST m=+85.646295562,5938,13546.930931
2019-07-15 12:28:11.03155 +0200 CEST m=+85.901803799,5872,13523.952096
2019-07-15 12:28:11.284491 +0200 CEST m=+86.154743649,8674,13509.474627
2019-07-15 12:28:11.540682 +0200 CEST m=+86.410932628,6209,13487.747024
2019-07-15 12:28:11.793657 +0200 CEST m=+86.663906734,6135,13465.928783
2019-07-15 12:28:12.051876 +0200 CEST m=+86.922124325,5788,13443.213018
2019-07-15 12:28:12.30872 +0200 CEST m=+87.178966888,5651,13420.227139
2019-07-15 12:28:12.56409 +0200 CEST m=+87.434335438,4747,13394.717647
2019-07-15 12:28:12.819022 +0200 CEST m=+87.689264984,7665,13377.914956
2019-07-15 12:28:13.074932 +0200 CEST m=+87.945173637,9858,13367.622807
2019-07-15 12:28:13.329487 +0200 CEST m=+88.199727151,7284,13349.886297
2019-07-15 12:28:13.583714 +0200 CEST m=+88.453952997,10279,13340.959302
2019-07-15 12:28:13.840252 +0200 CEST m=+88.710489448,7114,13322.910145
2019-07-15 12:28:14.095391 +0200 CEST m=+88.965626345,6467,13303.095376
2019-07-15 12:28:14.351998 +0200 CEST m=+89.222232378,6916,13284.688761
2019-07-15 12:28:14.608005 +0200 CEST m=+89.478237894,5789,13263.149425
2019-07-15 12:28:14.860189 +0200 CEST m=+89.730420430,6543,13243.893983
2019-07-15 12:28:15.116061 +0200 CEST m=+89.986290423,11352,13238.488571
2019-07-15 12:28:15.374214 +0200 CEST m=+90.244442198,6296,13218.709402
2019-07-15 12:28:15.624492 +0200 CEST m=+90.494718160,7896,13203.588068
2019-07-15 12:28:15.880973 +0200 CEST m=+90.751197999,14434,13207.073654
2019-07-15 12:28:16.139998 +0200 CEST m=+91.010221083,13628,13208.262712
2019-07-15 12:28:16.391884 +0200 CEST m=+91.262106079,10259,13199.954930
2019-07-15 12:28:16.646248 +0200 CEST m=+91.516468223,11768,13195.932584
2019-07-15 12:28:16.901528 +0200 CEST m=+91.771746553,10553,13188.529412
2019-07-15 12:28:17.158914 +0200 CEST m=+92.029130844,22620,13214.874302
2019-07-15 12:28:17.414069 +0200 CEST m=+92.284284498,7412,13198.710306
2019-07-15 12:28:17.66856 +0200 CEST m=+92.538773831,4059,13173.322222
2019-07-15 12:28:17.925697 +0200 CEST m=+92.795909453,5002,13150.686981
2019-07-15 12:28:18.181272 +0200 CEST m=+93.051482956,7223,13134.312155
2019-07-15 12:28:18.438715 +0200 CEST m=+93.308924924,8565,13121.724518
2019-07-15 12:28:18.694138 +0200 CEST m=+93.564346265,24443,13152.826923
2019-07-15 12:28:18.946917 +0200 CEST m=+93.817123572,21088,13174.567123
2019-07-15 12:28:19.200485 +0200 CEST m=+94.070690510,9355,13164.131148
2019-07-15 12:28:19.455349 +0200 CEST m=+94.325552869,6571,13146.166213
2019-07-15 12:28:19.7112 +0200 CEST m=+94.581401970,6283,13127.516304
2019-07-15 12:28:19.970211 +0200 CEST m=+94.840411539,5460,13106.737127
2019-07-15 12:28:20.223218 +0200 CEST m=+95.093416946,4982,13084.778378
2019-07-15 12:28:20.481065 +0200 CEST m=+95.351261976,6619,13067.350404
2019-07-15 12:28:20.737971 +0200 CEST m=+95.608166794,14991,13072.521505
2019-07-15 12:28:20.991294 +0200 CEST m=+95.861488184,9564,13063.115282
2019-07-15 12:28:21.245012 +0200 CEST m=+96.115204321,16017,13071.013369
2019-07-15 12:28:21.503788 +0200 CEST m=+96.373978766,14154,13073.901333
2019-07-15 12:28:21.755262 +0200 CEST m=+96.625452196,11457,13069.601064
2019-07-15 12:28:22.014644 +0200 CEST m=+96.884831695,5905,13050.596817
2019-07-15 12:28:22.266813 +0200 CEST m=+97.136999954,6409,13033.026455
2019-07-15 12:28:22.519767 +0200 CEST m=+97.389952308,7100,13017.372032
2019-07-15 12:28:22.77738 +0200 CEST m=+97.647563275,5972,12998.831579
2019-07-15 12:28:23.035062 +0200 CEST m=+97.905243564,5344,12978.740157
2019-07-15 12:28:23.287232 +0200 CEST m=+98.157412405,6164,12960.900524
2019-07-15 12:28:23.545473 +0200 CEST m=+98.415651701,5349,12941.026110
2019-07-15 12:28:23.801725 +0200 CEST m=+98.671902805,5282,12921.080729
2019-07-15 12:28:24.05387 +0200 CEST m=+98.924045967,5073,12900.696104
2019-07-15 12:28:24.312863 +0200 CEST m=+99.183037296,5992,12882.797927
2019-07-15 12:28:24.567936 +0200 CEST m=+99.438109156,7951,12870.054264
2019-07-15 12:28:24.823968 +0200 CEST m=+99.694139337,8658,12859.198454
2019-07-15 12:28:25.079719 +0200 CEST m=+99.949889073,7349,12845.033419
2019-07-15 12:28:25.334581 +0200 CEST m=+100.204749387,6190,12827.969231
2019-07-15 12:28:25.590599 +0200 CEST m=+100.460765397,8908,12817.943734
2019-07-15 12:28:25.840973 +0200 CEST m=+100.711138570,6656,12802.224490
2019-07-15 12:28:26.101679 +0200 CEST m=+100.971842937,5770,12784.330789
2019-07-15 12:28:26.354379 +0200 CEST m=+101.224540777,5382,12765.543147
2019-07-15 12:28:26.609565 +0200 CEST m=+101.479725087,5518,12747.194937
2019-07-15 12:28:26.862008 +0200 CEST m=+101.732167073,15890,12755.131313
2019-07-15 12:28:27.122722 +0200 CEST m=+101.992879554,9154,12746.060453
2019-07-15 12:28:27.376734 +0200 CEST m=+102.246890096,4913,12726.379397
2019-07-15 12:28:27.632666 +0200 CEST m=+102.502820137,4460,12705.661654
2019-07-15 12:28:27.887941 +0200 CEST m=+102.758093709,5277,12687.090000
2019-07-15 12:28:28.143662 +0200 CEST m=+103.013813006,7999,12675.399002
2019-07-15 12:28:28.400245 +0200 CEST m=+103.270394878,7465,12662.437811
2019-07-15 12:28:28.667286 +0200 CEST m=+103.537434596,5952,12645.786600
2019-07-15 12:28:28.919734 +0200 CEST m=+103.789881029,4865,12626.527228
2019-07-15 12:28:29.173001 +0200 CEST m=+104.043146138,4981,12607.649383
2019-07-15 12:28:29.42959 +0200 CEST m=+104.299733151,10465,12602.371921
2019-07-15 12:28:29.683512 +0200 CEST m=+104.553654125,7011,12588.633907
2019-07-15 12:28:29.944824 +0200 CEST m=+104.814964148,6401,12573.468137
2019-07-15 12:28:30.199942 +0200 CEST m=+105.070080779,8419,12563.310513
2019-07-15 12:28:30.450768 +0200 CEST m=+105.320905158,40282,12630.917073
2019-07-15 12:28:30.710661 +0200 CEST m=+105.580796689,23460,12657.265207
2019-07-15 12:28:30.965382 +0200 CEST m=+105.835516342,30379,12700.279126
2019-07-15 12:28:31.221376 +0200 CEST m=+106.091508972,25056,12730.196126
2019-07-15 12:28:31.47664 +0200 CEST m=+106.346771331,47872,12815.079710
2019-07-15 12:28:31.730488 +0200 CEST m=+106.600618006,8527,12804.746988
2019-07-15 12:28:31.987736 +0200 CEST m=+106.857863781,5573,12787.362981
2019-07-15 12:28:32.240612 +0200 CEST m=+107.110739024,5115,12768.964029
2019-07-15 12:28:32.497646 +0200 CEST m=+107.367770925,5466,12751.492823
2019-07-15 12:28:32.750737 +0200 CEST m=+107.620860317,23063,12776.102625
2019-07-15 12:28:33.009526 +0200 CEST m=+107.879648176,25444,12806.264286
2019-07-15 12:28:33.262982 +0200 CEST m=+108.133102433,8163,12795.235154
2019-07-15 12:28:33.515792 +0200 CEST m=+108.385911504,4823,12776.343602
2019-07-15 12:28:33.773654 +0200 CEST m=+108.643771123,17902,12788.460993
2019-07-15 12:28:34.02963 +0200 CEST m=+108.899746224,49805,12875.764151
2019-07-15 12:28:34.285174 +0200 CEST m=+109.155288552,48112,12958.672941
2019-07-15 12:28:34.540647 +0200 CEST m=+109.410759959,34439,13009.096244
2019-07-15 12:28:34.792594 +0200 CEST m=+109.662705788,25735,13038.899297
2019-07-15 12:28:35.04685 +0200 CEST m=+109.916960324,21954,13059.728972
2019-07-15 12:28:35.306605 +0200 CEST m=+110.176713455,39318,13120.937063
2019-07-15 12:28:35.563507 +0200 CEST m=+110.433613532,25163,13148.941860
2019-07-15 12:28:35.814859 +0200 CEST m=+110.684964504,24147,13174.459397
2019-07-15 12:28:36.072286 +0200 CEST m=+110.942389862,35954,13227.189815
2019-07-15 12:28:36.327807 +0200 CEST m=+111.197909247,28988,13263.588915
2019-07-15 12:28:36.583654 +0200 CEST m=+111.453754917,9889,13255.813364
2019-07-15 12:28:36.839707 +0200 CEST m=+111.709805935,24234,13281.050575
2019-07-15 12:28:37.091286 +0200 CEST m=+111.961383530,26813,13312.087156
2019-07-15 12:28:37.34615 +0200 CEST m=+112.216246405,10830,13306.407323
2019-07-15 12:28:37.606818 +0200 CEST m=+112.476912266,14310,13308.698630
2019-07-15 12:28:37.857884 +0200 CEST m=+112.727976973,22375,13329.350797
2019-07-15 12:28:38.116957 +0200 CEST m=+112.987048889,5091,13310.627273
2019-07-15 12:28:38.370962 +0200 CEST m=+113.241052346,26087,13339.598639
2019-07-15 12:28:38.6237 +0200 CEST m=+113.493788321,31835,13381.443439
2019-07-15 12:28:38.881565 +0200 CEST m=+113.751651752,20398,13397.282167
2019-07-15 12:28:39.136905 +0200 CEST m=+114.006990284,33069,13441.587838
2019-07-15 12:28:39.394206 +0200 CEST m=+114.264289697,35345,13490.808989
2019-07-15 12:28:39.648625 +0200 CEST m=+114.518707503,30604,13529.179372
2019-07-15 12:28:39.905772 +0200 CEST m=+114.775852876,10217,13521.769575
2019-07-15 12:28:40.160938 +0200 CEST m=+115.031016751,7514,13508.359375
2019-07-15 12:28:40.411981 +0200 CEST m=+115.282058328,6693,13493.180401
2019-07-15 12:28:40.668755 +0200 CEST m=+115.538831312,7017,13478.788889
2019-07-15 12:28:40.925941 +0200 CEST m=+115.796015158,40910,13539.611973
2019-07-15 12:28:41.177477 +0200 CEST m=+116.047550256,16102,13545.280973
2019-07-15 12:28:41.435525 +0200 CEST m=+116.305596783,17206,13553.362031
2019-07-15 12:28:41.689832 +0200 CEST m=+116.559902005,10195,13545.964758
2019-07-15 12:28:41.94908 +0200 CEST m=+116.819148119,21120,13562.610989
2019-07-15 12:28:42.202058 +0200 CEST m=+117.072125298,8511,13551.532895
2019-07-15 12:28:42.458548 +0200 CEST m=+117.328613633,9200,13542.010941
2019-07-15 12:28:42.713486 +0200 CEST m=+117.583549897,6835,13527.366812
2019-07-15 12:28:42.968894 +0200 CEST m=+117.838956157,7916,13515.141612
2019-07-15 12:28:43.221391 +0200 CEST m=+118.091451385,9258,13505.886957
2019-07-15 12:28:43.481967 +0200 CEST m=+118.352026376,7817,13493.546638
2019-07-15 12:28:43.735769 +0200 CEST m=+118.605826484,7130,13479.772727
2019-07-15 12:28:43.987856 +0200 CEST m=+118.857912338,6283,13464.228942
2019-07-15 12:28:44.243796 +0200 CEST m=+119.113850862,7363,13451.079741
2019-07-15 12:28:44.503303 +0200 CEST m=+119.373355590,5243,13433.427957
2019-07-15 12:28:44.757978 +0200 CEST m=+119.628029136,10788,13427.751073
2019-07-15 12:28:45.010221 +0200 CEST m=+119.880270600,19378,13440.492505
2019-07-15 12:28:45.268588 +0200 CEST m=+120.138636749,9790,13432.692308
2019-07-15 12:28:45.5251 +0200 CEST m=+120.395147073,11782,13429.172708
2019-07-15 12:28:45.778242 +0200 CEST m=+120.648287469,5731,13412.793617
2019-07-15 12:28:46.031064 +0200 CEST m=+120.901107685,5139,13395.227176
2019-07-15 12:28:46.290059 +0200 CEST m=+121.160101647,6854,13381.368644
2019-07-15 12:28:46.54242 +0200 CEST m=+121.412460524,4580,13362.761099
2019-07-15 12:28:46.801569 +0200 CEST m=+121.671608393,3872,13342.738397
2019-07-15 12:28:47.053415 +0200 CEST m=+121.923452635,4729,13324.604211
2019-07-15 12:28:47.311936 +0200 CEST m=+122.181972104,7798,13312.993697
2019-07-15 12:28:47.566498 +0200 CEST m=+122.436532828,7967,13301.786164
2019-07-15 12:28:47.822526 +0200 CEST m=+122.692558996,8109,13290.922594
2019-07-15 12:28:48.079012 +0200 CEST m=+122.949043184,10529,13285.156576
2019-07-15 12:28:48.334671 +0200 CEST m=+123.204700997,8176,13274.512500
2019-07-15 12:28:48.58912 +0200 CEST m=+123.459148968,6261,13259.931393
2019-07-15 12:28:48.839839 +0200 CEST m=+123.709866258,6208,13245.300830
2019-07-15 12:28:49.097328 +0200 CEST m=+123.967353765,6636,13231.616977
2019-07-15 12:28:49.353486 +0200 CEST m=+124.223510347,4524,13213.626033
2019-07-15 12:28:49.608311 +0200 CEST m=+124.478333051,3690,13193.989691
2019-07-15 12:28:49.865223 +0200 CEST m=+124.735244205,4663,13176.436214
2019-07-15 12:28:50.118844 +0200 CEST m=+124.988863429,6094,13161.893224
2019-07-15 12:28:50.376107 +0200 CEST m=+125.246124279,5323,13145.829918
2019-07-15 12:28:50.632393 +0200 CEST m=+125.502409225,5834,13130.877301
2019-07-15 12:28:50.883788 +0200 CEST m=+125.753802663,6905,13118.171429
2019-07-15 12:28:51.144139 +0200 CEST m=+126.014151823,7647,13107.028513
2019-07-15 12:28:51.3963 +0200 CEST m=+126.266311750,10583,13101.898374
2019-07-15 12:28:51.653375 +0200 CEST m=+126.523384971,8412,13092.385396
2019-07-15 12:28:51.90742 +0200 CEST m=+126.777428977,9520,13085.153846
2019-07-15 12:28:52.16386 +0200 CEST m=+127.033867486,5397,13069.622222
2019-07-15 12:28:52.420684 +0200 CEST m=+127.290689664,3927,13051.189516
2019-07-15 12:28:52.676803 +0200 CEST m=+127.546806694,11243,13047.551308
2019-07-15 12:28:52.931038 +0200 CEST m=+127.801040305,17396,13056.283133
2019-07-15 12:28:53.187662 +0200 CEST m=+128.057663128,19479,13069.154309
2019-07-15 12:28:53.438702 +0200 CEST m=+128.308701754,10060,13063.136000
2019-07-15 12:28:53.697464 +0200 CEST m=+128.567462066,18095,13073.179641
2019-07-15 12:28:53.948128 +0200 CEST m=+128.818124249,7726,13062.527888
2019-07-15 12:28:54.209691 +0200 CEST m=+129.079685655,18410,13073.159046
2019-07-15 12:28:54.463675 +0200 CEST m=+129.333668021,12823,13072.662698
2019-07-15 12:28:54.718698 +0200 CEST m=+129.588689905,7952,13062.522772
2019-07-15 12:28:54.971749 +0200 CEST m=+129.841738732,10412,13057.284585
2019-07-15 12:28:55.230241 +0200 CEST m=+130.100229579,10448,13052.138067
2019-07-15 12:28:55.486117 +0200 CEST m=+130.356104261,10424,13046.964567
2019-07-15 12:28:55.73947 +0200 CEST m=+130.609455853,6209,13033.530452
2019-07-15 12:28:55.996907 +0200 CEST m=+130.866891453,10056,13027.692157
2019-07-15 12:28:56.253075 +0200 CEST m=+131.123057839,71837,13142.778865
2019-07-15 12:28:56.506902 +0200 CEST m=+131.376882618,15950,13148.261719
2019-07-15 12:28:56.76317 +0200 CEST m=+131.633149734,11312,13144.682261
2019-07-15 12:28:57.015979 +0200 CEST m=+131.885957172,12786,13143.984436
2019-07-15 12:28:57.275057 +0200 CEST m=+132.145033407,7125,13132.297087
2019-07-15 12:28:57.529119 +0200 CEST m=+132.399093760,7619,13121.612403
2019-07-15 12:28:57.780886 +0200 CEST m=+132.650858762,8500,13112.673114
2019-07-15 12:28:58.04031 +0200 CEST m=+132.910281772,7375,13101.596525
2019-07-15 12:28:58.292349 +0200 CEST m=+133.162319375,9473,13094.605010
2019-07-15 12:28:58.548336 +0200 CEST m=+133.418304218,7790,13084.403846
2019-07-15 12:28:58.804588 +0200 CEST m=+133.674554723,7256,13073.216891
2019-07-15 12:28:59.057517 +0200 CEST m=+133.927483042,5865,13059.408046
2019-07-15 12:28:59.313777 +0200 CEST m=+134.183740856,6704,13047.256214
2019-07-15 12:28:59.573232 +0200 CEST m=+134.443194637,6927,13035.576336
2019-07-15 12:28:59.825328 +0200 CEST m=+134.695289060,11482,13032.617143
2019-07-15 12:29:00.08425 +0200 CEST m=+134.954209688,7105,13021.347909
2019-07-15 12:29:00.339724 +0200 CEST m=+135.209681784,8555,13012.872865
2019-07-15 12:29:00.59088 +0200 CEST m=+135.460836643,7419,13002.278409
2019-07-15 12:29:00.847648 +0200 CEST m=+135.717602944,6917,12990.775047
2019-07-15 12:29:01.100035 +0200 CEST m=+135.969988329,8199,12981.733962
2019-07-15 12:29:01.350118 +0200 CEST m=+136.220069691,4810,12966.344633
2019-07-15 12:29:01.604876 +0200 CEST m=+136.474826636,24150,12987.366541
2019-07-15 12:29:01.860424 +0200 CEST m=+136.730373056,16235,12993.459662
2019-07-15 12:29:02.112227 +0200 CEST m=+136.982174292,7333,12982.859551
2019-07-15 12:29:02.371194 +0200 CEST m=+137.241139498,6258,12970.289720
2019-07-15 12:29:02.634071 +0200 CEST m=+137.504014841,7252,12959.621269
2019-07-15 12:29:02.89367 +0200 CEST m=+137.763612326,5793,12946.275605
2019-07-15 12:29:03.147294 +0200 CEST m=+138.017235187,4690,12930.929368
2019-07-15 12:29:03.400494 +0200 CEST m=+138.270433308,5374,12916.909091
2019-07-15 12:29:03.659953 +0200 CEST m=+138.529891283,12121,12915.435185
2019-07-15 12:29:03.911351 +0200 CEST m=+138.781287419,5373,12901.493530
2019-07-15 12:29:04.166843 +0200 CEST m=+139.036777949,6697,12890.046125
2019-07-15 12:29:04.424532 +0200 CEST m=+139.294465061,7207,12879.580110
2019-07-15 12:29:04.678751 +0200 CEST m=+139.548683145,5642,12866.275735
2019-07-15 12:29:04.937376 +0200 CEST m=+139.807306117,6298,12854.223853
2019-07-15 12:29:05.191835 +0200 CEST m=+140.061763728,7230,12843.923077
2019-07-15 12:29:05.447445 +0200 CEST m=+140.317372186,5781,12831.010969
2019-07-15 12:29:05.701725 +0200 CEST m=+140.571650965,4973,12816.671533
2019-07-15 12:29:05.954625 +0200 CEST m=+140.824548895,7584,12807.140255
2019-07-15 12:29:06.213812 +0200 CEST m=+141.083734195,9603,12801.314545
2019-07-15 12:29:06.467009 +0200 CEST m=+141.336930160,7348,12791.417423
2019-07-15 12:29:06.722799 +0200 CEST m=+141.592718918,21645,12807.456522
2019-07-15 12:29:06.98026 +0200 CEST m=+141.850177756,6276,12795.645570
2019-07-15 12:29:07.235062 +0200 CEST m=+142.104978150,6398,12784.097473
2019-07-15 12:29:07.491254 +0200 CEST m=+142.361168781,7929,12775.349550
2019-07-15 12:29:07.74576 +0200 CEST m=+142.615673727,8752,12768.113309
2019-07-15 12:29:07.996951 +0200 CEST m=+142.866862967,7268,12758.238779
2019-07-15 12:29:08.255368 +0200 CEST m=+143.125278571,7679,12749.136201
2019-07-15 12:29:08.507248 +0200 CEST m=+143.377157233,7944,12740.540250
2019-07-15 12:29:08.764507 +0200 CEST m=+143.634414541,6411,12729.237500
2019-07-15 12:29:09.023853 +0200 CEST m=+143.893758568,6559,12718.238859
2019-07-15 12:29:09.277395 +0200 CEST m=+144.147299625,7460,12708.882562
2019-07-15 12:29:09.534644 +0200 CEST m=+144.404546957,9578,12703.321492
2019-07-15 12:29:09.787986 +0200 CEST m=+144.657887229,9947,12698.434397
2019-07-15 12:29:10.045488 +0200 CEST m=+144.915387806,9473,12692.725664
2019-07-15 12:29:10.299621 +0200 CEST m=+145.169519017,8080,12684.575972
2019-07-15 12:29:10.55056 +0200 CEST m=+145.420456578,8203,12676.671958
2019-07-15 12:29:10.805584 +0200 CEST m=+145.675478946,8615,12669.521127
2019-07-15 12:29:11.067085 +0200 CEST m=+145.936978885,6891,12659.365554
2019-07-15 12:29:11.320428 +0200 CEST m=+146.190319960,11558,12657.433333
2019-07-15 12:29:11.574343 +0200 CEST m=+146.444233593,14550,12660.747811
2019-07-15 12:29:11.833503 +0200 CEST m=+146.703392045,26924,12685.683566
2019-07-15 12:29:12.08641 +0200 CEST m=+146.956297694,21053,12700.286213
2019-07-15 12:29:12.341787 +0200 CEST m=+147.211672286,8062,12692.205575
2019-07-15 12:29:12.599655 +0200 CEST m=+147.469539126,7788,12683.676522
2019-07-15 12:29:12.854671 +0200 CEST m=+147.724553832,8324,12676.107639
2019-07-15 12:29:13.110433 +0200 CEST m=+147.980313962,9765,12671.062392
2019-07-15 12:29:13.362758 +0200 CEST m=+148.232637644,6862,12661.012111
2019-07-15 12:29:13.619738 +0200 CEST m=+148.489615915,6524,12650.412781
2019-07-15 12:29:13.874488 +0200 CEST m=+148.744364675,6735,12640.213793
2019-07-15 12:29:14.129872 +0200 CEST m=+148.999746782,5273,12627.533563
2019-07-15 12:29:14.382386 +0200 CEST m=+149.252259415,4611,12613.759450
2019-07-15 12:29:14.637818 +0200 CEST m=+149.507689621,4911,12600.547170
2019-07-15 12:29:14.896363 +0200 CEST m=+149.766233198,8607,12593.708904
2019-07-15 12:29:15.148604 +0200 CEST m=+150.018472419,16049,12599.615385
2019-07-15 12:29:15.407789 +0200 CEST m=+150.277656743,7499,12590.911263
2019-07-15 12:29:15.66241 +0200 CEST m=+150.532276232,12746,12591.175468
2019-07-15 12:29:15.920018 +0200 CEST m=+150.789882242,16967,12598.617347
2019-07-15 12:29:16.174895 +0200 CEST m=+151.044757782,11330,12596.463497
2019-07-15 12:29:16.430161 +0200 CEST m=+151.300022463,11375,12594.393220
2019-07-15 12:29:16.686404 +0200 CEST m=+151.556263914,18009,12603.554992
2019-07-15 12:29:16.939695 +0200 CEST m=+151.809553418,9042,12597.538851
2019-07-15 12:29:17.196251 +0200 CEST m=+152.066108023,15772,12602.892074
2019-07-15 12:29:17.446887 +0200 CEST m=+152.316742164,13061,12603.663300
2019-07-15 12:29:17.706388 +0200 CEST m=+152.576241245,13787,12605.652101
2019-07-15 12:29:17.958793 +0200 CEST m=+152.828644861,10653,12602.375839
2019-07-15 12:29:18.21498 +0200 CEST m=+153.084831001,7939,12594.564489
2019-07-15 12:29:18.472161 +0200 CEST m=+153.342009906,5683,12583.006689
2019-07-15 12:29:18.724285 +0200 CEST m=+153.594132130,5456,12571.108514
2019-07-15 12:29:18.980765 +0200 CEST m=+153.850611016,7568,12562.770000
2019-07-15 12:29:19.237754 +0200 CEST m=+154.107598147,5755,12551.442596
2019-07-15 12:29:19.493364 +0200 CEST m=+154.363206564,5847,12540.305648
2019-07-15 12:29:19.747887 +0200 CEST m=+154.617728524,7046,12531.194030
2019-07-15 12:29:20.003824 +0200 CEST m=+154.873664072,5869,12520.163907
2019-07-15 12:29:20.261563 +0200 CEST m=+155.131401391,6385,12510.023140
2019-07-15 12:29:20.512597 +0200 CEST m=+155.382433839,8282,12503.046205
2019-07-15 12:29:20.769003 +0200 CEST m=+155.638837842,6678,12493.449753
2019-07-15 12:29:21.028517 +0200 CEST m=+155.898351019,6116,12482.960526
2019-07-15 12:29:21.284222 +0200 CEST m=+156.154054598,6146,12472.555008
2019-07-15 12:29:21.534737 +0200 CEST m=+156.404567223,6865,12463.362295
2019-07-15 12:29:21.791554 +0200 CEST m=+156.661383059,8591,12457.024550
2019-07-15 12:29:22.049898 +0200 CEST m=+156.919725305,10015,12453.034314
2019-07-15 12:29:22.301494 +0200 CEST m=+157.171320278,6800,12443.812398
2019-07-15 12:29:22.556665 +0200 CEST m=+157.426488949,9275,12438.651466
2019-07-15 12:29:22.813274 +0200 CEST m=+157.683096791,12995,12439.556098
2019-07-15 12:29:23.069637 +0200 CEST m=+157.939458445,10355,12436.172078
2019-07-15 12:29:23.322552 +0200 CEST m=+158.192371640,6500,12426.551053
2019-07-15 12:29:23.578544 +0200 CEST m=+158.448361924,6017,12416.179612
2019-07-15 12:29:23.836446 +0200 CEST m=+158.706262254,8064,12409.148627
2019-07-15 12:29:24.093061 +0200 CEST m=+158.962875847,25424,12430.140323
2019-07-15 12:29:24.349153 +0200 CEST m=+159.218966831,22861,12446.937198
2019-07-15 12:29:24.603529 +0200 CEST m=+159.473341369,10849,12444.368167
2019-07-15 12:29:24.859011 +0200 CEST m=+159.728821285,5762,12433.642055
2019-07-15 12:29:25.115266 +0200 CEST m=+159.985074690,9533,12428.993590
2019-07-15 12:29:25.367078 +0200 CEST m=+160.236885028,8396,12422.540800
2019-07-15 12:29:25.620703 +0200 CEST m=+160.490509135,12641,12422.889776
2019-07-15 12:29:25.876417 +0200 CEST m=+160.746221448,10339,12419.566188
2019-07-15 12:29:26.130996 +0200 CEST m=+161.000799149,11436,12418.000000
2019-07-15 12:29:26.386728 +0200 CEST m=+161.256529711,7158,12409.637520
2019-07-15 12:29:26.647977 +0200 CEST m=+161.517777241,5801,12399.147619
2019-07-15 12:29:26.901841 +0200 CEST m=+161.771639734,9763,12394.969889
2019-07-15 12:29:27.157701 +0200 CEST m=+162.027498221,20534,12407.848101
2019-07-15 12:29:27.41069 +0200 CEST m=+162.280485314,8363,12401.458136
2019-07-15 12:29:27.664345 +0200 CEST m=+162.534139003,5017,12389.810726
2019-07-15 12:29:27.921885 +0200 CEST m=+162.791677127,7223,12381.674016
2019-07-15 12:29:28.176132 +0200 CEST m=+163.045922133,4486,12369.259434
2019-07-15 12:29:28.434629 +0200 CEST m=+163.304417875,4167,12356.383046
2019-07-15 12:29:28.689748 +0200 CEST m=+163.559535967,12560,12356.702194
2019-07-15 12:29:28.946875 +0200 CEST m=+163.816660898,59403,12430.327074
2019-07-15 12:29:29.199894 +0200 CEST m=+164.069678089,20969,12443.668750
2019-07-15 12:29:29.456988 +0200 CEST m=+164.326770527,9343,12438.831513
2019-07-15 12:29:29.711555 +0200 CEST m=+164.581336368,8728,12433.051402
2019-07-15 12:29:29.967295 +0200 CEST m=+164.837074514,12453,12433.082426
2019-07-15 12:29:30.219572 +0200 CEST m=+165.089350326,6602,12424.027950
2019-07-15 12:29:30.475704 +0200 CEST m=+165.345480687,4565,12411.843411
2019-07-15 12:29:30.730483 +0200 CEST m=+165.600258323,7246,12403.846749
2019-07-15 12:29:30.987238 +0200 CEST m=+165.857011793,5653,12393.412674
2019-07-15 12:29:31.240163 +0200 CEST m=+166.109935193,8615,12387.581790
2019-07-15 12:29:31.500786 +0200 CEST m=+166.370557024,8587,12381.725732
2019-07-15 12:29:31.751534 +0200 CEST m=+166.621302929,7739,12374.583077
2019-07-15 12:29:32.011688 +0200 CEST m=+166.881455478,6679,12365.834101
2019-07-15 12:29:32.261914 +0200 CEST m=+167.131680526,4404,12353.622699
2019-07-15 12:29:32.520333 +0200 CEST m=+167.390097074,5014,12342.382848
2019-07-15 12:29:32.773567 +0200 CEST m=+167.643330293,15835,12347.723242
2019-07-15 12:29:33.030554 +0200 CEST m=+167.900315407,10278,12344.563359
2019-07-15 12:29:33.28366 +0200 CEST m=+168.153419896,8445,12338.618902
2019-07-15 12:29:33.540898 +0200 CEST m=+168.410656129,7339,12331.009132
2019-07-15 12:29:33.799447 +0200 CEST m=+168.669203945,6185,12321.668693
2019-07-15 12:29:34.05487 +0200 CEST m=+168.924625464,5512,12311.335357
2019-07-15 12:29:34.308142 +0200 CEST m=+169.177895999,4280,12299.166667
2019-07-15 12:29:34.5659 +0200 CEST m=+169.435652638,9807,12295.396369
2019-07-15 12:29:34.828309 +0200 CEST m=+169.698059968,18197,12304.311178
2019-07-15 12:29:35.084758 +0200 CEST m=+169.954507489,18475,12313.618401
2019-07-15 12:29:35.344332 +0200 CEST m=+170.214079497,9018,12308.655120
2019-07-15 12:29:35.596229 +0200 CEST m=+170.465975470,7565,12301.521805
2019-07-15 12:29:35.854596 +0200 CEST m=+170.724340568,6646,12293.030030
2019-07-15 12:29:36.106933 +0200 CEST m=+170.976675858,5142,12282.308846
2019-07-15 12:29:36.359684 +0200 CEST m=+171.229425905,17212,12289.688623
2019-07-15 12:29:36.620681 +0200 CEST m=+171.490421380,28973,12314.626308
2019-07-15 12:29:36.87622 +0200 CEST m=+171.745958117,22958,12330.511940
2019-07-15 12:29:37.127234 +0200 CEST m=+171.996972066,8881,12325.371088
2019-07-15 12:29:37.381834 +0200 CEST m=+172.251568990,7821,12318.668155
2019-07-15 12:29:37.642646 +0200 CEST m=+172.512379297,11866,12317.995542
2019-07-15 12:29:37.894587 +0200 CEST m=+172.764318950,6998,12310.102374
