2019-07-02 07:24:11.176232404 +0200 CEST m=+0.399784265,52,52.000000
2019-07-02 07:24:11.441185161 +0200 CEST m=+0.664737022,124,88.000000
2019-07-02 07:24:11.695239007 +0200 CEST m=+0.918791076,104,93.333333
2019-07-02 07:24:11.94925457 +0200 CEST m=+1.172806587,115,98.750000
2019-07-02 07:24:12.202266137 +0200 CEST m=+1.425818206,112,101.400000
2019-07-02 07:24:12.456273012 +0200 CEST m=+1.679825081,110,102.833333
2019-07-02 07:24:12.721288117 +0200 CEST m=+1.944840186,116,104.714286
2019-07-02 07:24:12.975299159 +0200 CEST m=+2.198851228,110,105.375000
2019-07-02 07:24:13.229314874 +0200 CEST m=+2.452866944,117,106.666667
2019-07-02 07:24:13.482324844 +0200 CEST m=+2.705876914,110,107.000000
2019-07-02 07:24:13.736383088 +0200 CEST m=+2.959935105,127,108.818182
2019-07-02 07:24:14.001349132 +0200 CEST m=+3.224901201,128,110.416667
2019-07-02 07:24:14.255546774 +0200 CEST m=+3.479098844,101,109.692308
2019-07-02 07:24:14.509311686 +0200 CEST m=+3.732863547,110,109.714286
2019-07-02 07:24:14.762328753 +0200 CEST m=+3.985880667,109,109.666667
2019-07-02 07:24:15.016388515 +0200 CEST m=+4.239940584,114,109.937500
2019-07-02 07:24:15.281397176 +0200 CEST m=+4.504949245,119,110.470588
2019-07-02 07:24:15.535412216 +0200 CEST m=+4.758964286,113,110.611111
2019-07-02 07:24:15.789430382 +0200 CEST m=+5.012982451,112,110.684211
2019-07-02 07:24:16.042433481 +0200 CEST m=+5.265985550,116,110.950000
2019-07-02 07:24:16.297442692 +0200 CEST m=+5.520994761,104,110.619048
2019-07-02 07:24:16.562445683 +0200 CEST m=+5.785997753,108,110.500000
2019-07-02 07:24:16.816460376 +0200 CEST m=+6.040012497,112,110.565217
2019-07-02 07:24:17.07045924 +0200 CEST m=+6.294011309,111,110.583333
2019-07-02 07:24:17.32364673 +0200 CEST m=+6.547198904,117,110.840000
2019-07-02 07:24:17.577432004 +0200 CEST m=+6.800983865,107,110.692308
2019-07-02 07:24:17.842437402 +0200 CEST m=+7.065989315,132,111.481481
2019-07-02 07:24:18.096492985 +0200 CEST m=+7.320045003,112,111.500000
2019-07-02 07:24:18.35050511 +0200 CEST m=+7.574057180,115,111.620690
2019-07-02 07:24:18.603561001 +0200 CEST m=+7.827113071,97,111.133333
2019-07-02 07:24:18.857522968 +0200 CEST m=+8.081074986,107,111.000000
2019-07-02 07:24:19.12257569 +0200 CEST m=+8.346127812,118,111.218750
2019-07-02 07:24:19.376551793 +0200 CEST m=+8.600103915,110,111.181818
2019-07-02 07:24:19.630556335 +0200 CEST m=+8.854108352,122,111.500000
2019-07-02 07:24:19.883570214 +0200 CEST m=+9.107122232,113,111.542857
2019-07-02 07:24:20.137577995 +0200 CEST m=+9.361130012,99,111.194444
2019-07-02 07:24:20.402710362 +0200 CEST m=+9.626262587,120,111.432432
2019-07-02 07:24:20.656592369 +0200 CEST m=+9.880144386,109,111.368421
2019-07-02 07:24:20.910599641 +0200 CEST m=+10.134151659,105,111.205128
2019-07-02 07:24:21.163609264 +0200 CEST m=+10.387161282,106,111.075000
2019-07-02 07:24:21.418620034 +0200 CEST m=+10.642172103,135,111.658537
2019-07-02 07:24:21.683632777 +0200 CEST m=+10.907184846,103,111.452381
2019-07-02 07:24:21.937641844 +0200 CEST m=+11.161193861,107,111.348837
2019-07-02 07:24:22.191654841 +0200 CEST m=+11.415206911,115,111.431818
2019-07-02 07:24:22.444664106 +0200 CEST m=+11.668216124,115,111.511111
2019-07-02 07:24:22.699674171 +0200 CEST m=+11.923226188,113,111.543478
2019-07-02 07:24:22.964680681 +0200 CEST m=+12.188232751,120,111.723404
2019-07-02 07:24:23.218693842 +0200 CEST m=+12.442246015,110,111.687500
2019-07-02 07:24:23.472692127 +0200 CEST m=+12.696244196,115,111.755102
2019-07-02 07:24:23.72570569 +0200 CEST m=+12.949257760,121,111.940000
2019-07-02 07:24:23.979711579 +0200 CEST m=+13.203263701,103,111.764706
2019-07-02 07:24:24.24478013 +0200 CEST m=+13.468332252,100,111.538462
2019-07-02 07:24:24.498737348 +0200 CEST m=+13.722289365,108,111.471698
2019-07-02 07:24:24.752744099 +0200 CEST m=+13.976296116,113,111.500000
2019-07-02 07:24:25.005786234 +0200 CEST m=+14.229338303,129,111.818182
2019-07-02 07:24:25.259704627 +0200 CEST m=+14.483256488,103,111.660714
2019-07-02 07:24:25.524717136 +0200 CEST m=+14.748268997,104,111.526316
2019-07-02 07:24:25.778736208 +0200 CEST m=+15.002288121,114,111.568966
2019-07-02 07:24:26.032798754 +0200 CEST m=+15.256350876,107,111.491525
2019-07-02 07:24:26.285753188 +0200 CEST m=+15.509305101,115,111.550000
2019-07-02 07:24:26.540757895 +0200 CEST m=+15.764309809,122,111.721311
2019-07-02 07:24:26.80575376 +0200 CEST m=+16.029305673,112,111.725806
2019-07-02 07:24:27.059813402 +0200 CEST m=+16.283365471,119,111.841270
2019-07-02 07:24:27.313833787 +0200 CEST m=+16.537385909,111,111.828125
2019-07-02 07:24:27.566840026 +0200 CEST m=+16.790392095,127,112.061538
2019-07-02 07:24:27.820847546 +0200 CEST m=+17.044399615,119,112.166667
2019-07-02 07:24:28.085855622 +0200 CEST m=+17.309407691,115,112.208955
2019-07-02 07:24:28.339864269 +0200 CEST m=+17.563416287,108,112.147059
2019-07-02 07:24:28.593864167 +0200 CEST m=+17.817416184,98,111.942029
2019-07-02 07:24:28.846869346 +0200 CEST m=+18.070421415,118,112.028571
2019-07-02 07:24:29.1008859 +0200 CEST m=+18.324437917,115,112.070423
2019-07-02 07:24:29.365892311 +0200 CEST m=+18.589444381,120,112.180556
2019-07-02 07:24:29.619859951 +0200 CEST m=+18.843411864,112,112.178082
2019-07-02 07:24:29.873854258 +0200 CEST m=+19.097406119,113,112.189189
2019-07-02 07:24:30.126858716 +0200 CEST m=+19.350410629,109,112.146667
2019-07-02 07:24:30.380955146 +0200 CEST m=+19.604507215,106,112.065789
2019-07-02 07:24:30.645884396 +0200 CEST m=+19.869436257,121,112.181818
2019-07-02 07:24:30.899889521 +0200 CEST m=+20.123441435,116,112.230769
2019-07-02 07:24:31.153896111 +0200 CEST m=+20.377448025,101,112.088608
2019-07-02 07:24:31.40695682 +0200 CEST m=+20.630508889,112,112.087500
2019-07-02 07:24:31.660915106 +0200 CEST m=+20.884467019,118,112.160494
2019-07-02 07:24:31.925922671 +0200 CEST m=+21.149474532,116,112.207317
2019-07-02 07:24:32.179924438 +0200 CEST m=+21.403476299,138,112.518072
2019-07-02 07:24:32.433995475 +0200 CEST m=+21.657547492,119,112.595238
2019-07-02 07:24:32.686988721 +0200 CEST m=+21.910540842,108,112.541176
2019-07-02 07:24:32.941005485 +0200 CEST m=+22.164557503,117,112.593023
2019-07-02 07:24:33.20605441 +0200 CEST m=+22.429606532,120,112.678161
2019-07-02 07:24:33.459960014 +0200 CEST m=+22.683511928,120,112.761364
2019-07-02 07:24:33.713966975 +0200 CEST m=+22.937518836,126,112.910112
2019-07-02 07:24:33.966982086 +0200 CEST m=+23.190534051,116,112.944444
2019-07-02 07:24:34.221069118 +0200 CEST m=+23.444621135,104,112.846154
2019-07-02 07:24:34.48599006 +0200 CEST m=+23.709541973,114,112.858696
2019-07-02 07:24:34.740048783 +0200 CEST m=+23.963600748,104,112.763441
2019-07-02 07:24:34.993999377 +0200 CEST m=+24.217551291,112,112.755319
2019-07-02 07:24:35.247052241 +0200 CEST m=+24.470604310,114,112.768421
2019-07-02 07:24:35.501065432 +0200 CEST m=+24.724617449,101,112.645833
2019-07-02 07:24:35.766028547 +0200 CEST m=+24.989580460,111,112.628866
2019-07-02 07:24:36.020027043 +0200 CEST m=+25.243578904,134,112.846939
2019-07-02 07:24:36.274045956 +0200 CEST m=+25.497597869,133,113.050505
2019-07-02 07:24:36.527165731 +0200 CEST m=+25.750717644,108,113.000000
2019-07-02 07:24:36.781482881 +0200 CEST m=+26.005034794,111,112.980198
2019-07-02 07:24:37.046299859 +0200 CEST m=+26.269851772,116,113.009804
2019-07-02 07:24:37.30037361 +0200 CEST m=+26.523925576,116,113.038835
2019-07-02 07:24:37.554465956 +0200 CEST m=+26.778017869,108,112.990385
2019-07-02 07:24:37.807083056 +0200 CEST m=+27.030634970,106,112.923810
2019-07-02 07:24:38.061081512 +0200 CEST m=+27.284633425,116,112.952830
2019-07-02 07:24:38.326086254 +0200 CEST m=+27.549638167,128,113.093458
2019-07-02 07:24:38.580211511 +0200 CEST m=+27.803763581,114,113.101852
2019-07-02 07:24:38.834101972 +0200 CEST m=+28.057653885,100,112.981651
2019-07-02 07:24:39.087107986 +0200 CEST m=+28.310659847,114,112.990909
2019-07-02 07:24:39.341113185 +0200 CEST m=+28.564665098,114,113.000000
2019-07-02 07:24:39.606164062 +0200 CEST m=+28.829716184,118,113.044643
2019-07-02 07:24:39.860165407 +0200 CEST m=+29.083717424,114,113.053097
2019-07-02 07:24:40.114169133 +0200 CEST m=+29.337721202,117,113.087719
2019-07-02 07:24:40.367177014 +0200 CEST m=+29.590729083,102,112.991304
2019-07-02 07:24:40.622181868 +0200 CEST m=+29.845733990,117,113.025862
2019-07-02 07:24:40.887190235 +0200 CEST m=+30.110742253,118,113.068376
2019-07-02 07:24:41.141193474 +0200 CEST m=+30.364745543,110,113.042373
2019-07-02 07:24:41.395200543 +0200 CEST m=+30.618752769,95,112.890756
2019-07-02 07:24:41.648249049 +0200 CEST m=+30.871801171,111,112.875000
2019-07-02 07:24:41.902171637 +0200 CEST m=+31.125723603,110,112.851240
2019-07-02 07:24:42.167174846 +0200 CEST m=+31.390726759,121,112.918033
2019-07-02 07:24:42.42122202 +0200 CEST m=+31.644774142,121,112.983740
2019-07-02 07:24:42.675230912 +0200 CEST m=+31.898782981,120,113.040323
2019-07-02 07:24:42.928263741 +0200 CEST m=+32.151815810,116,113.064000
2019-07-02 07:24:43.18223664 +0200 CEST m=+32.405788658,101,112.968254
2019-07-02 07:24:43.447296029 +0200 CEST m=+32.670848046,106,112.913386
2019-07-02 07:24:43.701244452 +0200 CEST m=+32.924796469,116,112.937500
2019-07-02 07:24:43.955260584 +0200 CEST m=+33.178812654,105,112.875969
2019-07-02 07:24:44.208258189 +0200 CEST m=+33.431810258,114,112.884615
2019-07-02 07:24:44.463263719 +0200 CEST m=+33.686815788,104,112.816794
2019-07-02 07:24:44.728470293 +0200 CEST m=+33.952022467,121,112.878788
2019-07-02 07:24:44.982274861 +0200 CEST m=+34.205826930,120,112.932331
2019-07-02 07:24:45.236283254 +0200 CEST m=+34.459835272,113,112.932836
2019-07-02 07:24:45.489291455 +0200 CEST m=+34.712843525,116,112.955556
2019-07-02 07:24:45.743291239 +0200 CEST m=+34.966843361,130,113.080882
2019-07-02 07:24:46.008293483 +0200 CEST m=+35.231845552,113,113.080292
2019-07-02 07:24:46.263301207 +0200 CEST m=+35.486853329,109,113.050725
2019-07-02 07:24:46.517308287 +0200 CEST m=+35.740860357,102,112.971223
2019-07-02 07:24:46.77031342 +0200 CEST m=+35.993865438,116,112.992857
2019-07-02 07:24:47.035321271 +0200 CEST m=+36.258873341,128,113.099291
2019-07-02 07:24:47.289324711 +0200 CEST m=+36.512876781,122,113.161972
2019-07-02 07:24:47.543539978 +0200 CEST m=+36.767092047,127,113.258741
2019-07-02 07:24:47.79766967 +0200 CEST m=+37.021221583,120,113.305556
2019-07-02 07:24:48.050403373 +0200 CEST m=+37.273955287,107,113.262069
2019-07-02 07:24:48.315311186 +0200 CEST m=+37.538863099,124,113.335616
2019-07-02 07:24:48.569387082 +0200 CEST m=+37.792938995,108,113.299320
2019-07-02 07:24:48.823314746 +0200 CEST m=+38.046866659,108,113.263514
2019-07-02 07:24:49.077396122 +0200 CEST m=+38.300948244,117,113.288591
2019-07-02 07:24:49.330380861 +0200 CEST m=+38.553932930,120,113.333333
2019-07-02 07:24:49.595388573 +0200 CEST m=+38.818940642,116,113.350993
2019-07-02 07:24:49.849388225 +0200 CEST m=+39.072940295,113,113.348684
2019-07-02 07:24:50.103398448 +0200 CEST m=+39.326950517,119,113.385621
2019-07-02 07:24:50.357389151 +0200 CEST m=+39.580941220,113,113.383117
2019-07-02 07:24:50.610403067 +0200 CEST m=+39.833955136,113,113.380645
2019-07-02 07:24:50.875350051 +0200 CEST m=+40.098901964,119,113.416667
2019-07-02 07:24:51.129357091 +0200 CEST m=+40.352909109,109,113.388535
2019-07-02 07:24:51.38335942 +0200 CEST m=+40.606911437,128,113.481013
2019-07-02 07:24:51.63744352 +0200 CEST m=+40.860995590,117,113.503145
2019-07-02 07:24:51.890362601 +0200 CEST m=+41.113914515,93,113.375000
2019-07-02 07:24:52.155365757 +0200 CEST m=+41.378917670,123,113.434783
2019-07-02 07:24:52.409373514 +0200 CEST m=+41.632925427,117,113.456790
2019-07-02 07:24:52.663442365 +0200 CEST m=+41.886994382,129,113.552147
2019-07-02 07:24:52.917427152 +0200 CEST m=+42.140979222,117,113.573171
2019-07-02 07:24:53.17047225 +0200 CEST m=+42.394024319,107,113.533333
2019-07-02 07:24:53.435632951 +0200 CEST m=+42.659185021,116,113.548193
2019-07-02 07:24:53.689391029 +0200 CEST m=+42.912942942,111,113.532934
2019-07-02 07:24:53.943401715 +0200 CEST m=+43.166953628,113,113.529762
2019-07-02 07:24:54.197447712 +0200 CEST m=+43.420999782,102,113.461538
2019-07-02 07:24:54.450452563 +0200 CEST m=+43.674004633,119,113.494118
2019-07-02 07:24:54.715463635 +0200 CEST m=+43.939015704,109,113.467836
2019-07-02 07:24:54.969503918 +0200 CEST m=+44.193055988,121,113.511628
2019-07-02 07:24:55.223471008 +0200 CEST m=+44.447023077,111,113.497110
2019-07-02 07:24:55.4785608 +0200 CEST m=+44.702112818,119,113.528736
2019-07-02 07:24:55.731477384 +0200 CEST m=+44.955029454,114,113.531429
2019-07-02 07:24:55.996484818 +0200 CEST m=+45.220036940,113,113.528409
2019-07-02 07:24:56.250489201 +0200 CEST m=+45.474041427,121,113.570621
2019-07-02 07:24:56.504486911 +0200 CEST m=+45.728038980,102,113.505618
2019-07-02 07:24:56.758545298 +0200 CEST m=+45.982097367,103,113.446927
2019-07-02 07:24:57.011444918 +0200 CEST m=+46.234996987,103,113.388889
2019-07-02 07:24:57.276448154 +0200 CEST m=+46.500000067,115,113.397790
2019-07-02 07:24:57.530451505 +0200 CEST m=+46.754003419,111,113.384615
2019-07-02 07:24:57.784493503 +0200 CEST m=+47.008045573,121,113.426230
2019-07-02 07:24:58.038569287 +0200 CEST m=+47.262121305,116,113.440217
2019-07-02 07:24:58.298736798 +0200 CEST m=+47.522288659,124,113.497297
2019-07-02 07:24:58.556574487 +0200 CEST m=+47.780126400,97,113.408602
2019-07-02 07:24:58.810503168 +0200 CEST m=+48.034055081,120,113.443850
2019-07-02 07:24:59.064499059 +0200 CEST m=+48.288050973,119,113.473404
2019-07-02 07:24:59.31847151 +0200 CEST m=+48.542023476,119,113.502646
2019-07-02 07:24:59.571472283 +0200 CEST m=+48.795024248,112,113.494737
2019-07-02 07:24:59.836524556 +0200 CEST m=+49.060076625,114,113.497382
2019-07-02 07:25:00.090477587 +0200 CEST m=+49.314029501,112,113.489583
2019-07-02 07:25:00.344481934 +0200 CEST m=+49.568033952,113,113.487047
2019-07-02 07:25:00.59856873 +0200 CEST m=+49.822120591,127,113.556701
2019-07-02 07:25:00.851534002 +0200 CEST m=+50.075086071,98,113.476923
2019-07-02 07:25:01.117536763 +0200 CEST m=+50.341088832,125,113.535714
2019-07-02 07:25:01.371548214 +0200 CEST m=+50.595100284,123,113.583756
2019-07-02 07:25:01.625545186 +0200 CEST m=+50.849097256,121,113.621212
2019-07-02 07:25:01.879540231 +0200 CEST m=+51.103092301,109,113.597990
2019-07-02 07:25:02.132546242 +0200 CEST m=+51.356098364,114,113.600000
2019-07-02 07:25:02.397546529 +0200 CEST m=+51.621098651,104,113.552239
2019-07-02 07:25:02.651552482 +0200 CEST m=+51.875104552,119,113.579208
2019-07-02 07:25:02.905566925 +0200 CEST m=+52.129118994,124,113.630542
2019-07-02 07:25:03.159515975 +0200 CEST m=+52.383067889,118,113.651961
2019-07-02 07:25:03.412522619 +0200 CEST m=+52.636074532,129,113.726829
2019-07-02 07:25:03.678524861 +0200 CEST m=+52.902076722,116,113.737864
2019-07-02 07:25:03.932572453 +0200 CEST m=+53.156124470,118,113.758454
2019-07-02 07:25:04.186576878 +0200 CEST m=+53.410128948,101,113.697115
2019-07-02 07:25:04.440563035 +0200 CEST m=+53.664115105,108,113.669856
2019-07-02 07:25:04.69357262 +0200 CEST m=+53.917124742,108,113.642857
2019-07-02 07:25:04.958526486 +0200 CEST m=+54.182078347,118,113.663507
2019-07-02 07:25:05.212525975 +0200 CEST m=+54.436077888,104,113.617925
2019-07-02 07:25:05.466532002 +0200 CEST m=+54.690083915,106,113.582160
2019-07-02 07:25:05.720572247 +0200 CEST m=+54.944124264,109,113.560748
2019-07-02 07:25:05.973541441 +0200 CEST m=+55.197093302,108,113.534884
2019-07-02 07:25:06.238543074 +0200 CEST m=+55.462095091,127,113.597222
2019-07-02 07:25:06.492543554 +0200 CEST m=+55.716095519,102,113.543779
2019-07-02 07:25:06.74760847 +0200 CEST m=+55.971160539,113,113.541284
2019-07-02 07:25:07.001751503 +0200 CEST m=+56.225303573,110,113.525114
2019-07-02 07:25:07.254544609 +0200 CEST m=+56.478096522,116,113.536364
2019-07-02 07:25:07.519551558 +0200 CEST m=+56.743103471,113,113.533937
2019-07-02 07:25:07.773651545 +0200 CEST m=+56.997203563,109,113.513514
2019-07-02 07:25:08.027629491 +0200 CEST m=+57.251181508,118,113.533632
2019-07-02 07:25:08.281607892 +0200 CEST m=+57.505159961,112,113.526786
2019-07-02 07:25:08.534643421 +0200 CEST m=+57.758195490,107,113.497778
2019-07-02 07:25:08.800452378 +0200 CEST m=+58.024004395,108,113.473451
2019-07-02 07:25:09.053687365 +0200 CEST m=+58.277239278,117,113.488987
2019-07-02 07:25:09.307631316 +0200 CEST m=+58.531183229,117,113.504386
2019-07-02 07:25:09.561570891 +0200 CEST m=+58.785122805,104,113.462882
2019-07-02 07:25:09.814657596 +0200 CEST m=+59.038209510,130,113.534783
2019-07-02 07:25:10.079574244 +0200 CEST m=+59.303126158,113,113.532468
2019-07-02 07:25:10.33362281 +0200 CEST m=+59.557174879,117,113.547414
2019-07-02 07:25:10.587619552 +0200 CEST m=+59.811171621,105,113.510730
2019-07-02 07:25:10.841622127 +0200 CEST m=+60.065174145,109,113.491453
2019-07-02 07:25:11.09462382 +0200 CEST m=+60.318175942,117,113.506383
2019-07-02 07:25:11.359694098 +0200 CEST m=+60.583246115,112,113.500000
2019-07-02 07:25:11.614627491 +0200 CEST m=+60.838179561,134,113.586498
2019-07-02 07:25:11.868658796 +0200 CEST m=+61.092210814,98,113.521008
2019-07-02 07:25:12.122729265 +0200 CEST m=+61.346281334,116,113.531381
2019-07-02 07:25:12.375587575 +0200 CEST m=+61.599139488,110,113.516667
2019-07-02 07:25:12.640585795 +0200 CEST m=+61.864137709,117,113.531120
2019-07-02 07:25:12.894630987 +0200 CEST m=+62.118183005,126,113.582645
2019-07-02 07:25:13.148585694 +0200 CEST m=+62.372137607,119,113.604938
2019-07-02 07:25:13.402590502 +0200 CEST m=+62.626142416,108,113.581967
2019-07-02 07:25:13.655588639 +0200 CEST m=+62.879140552,115,113.587755
2019-07-02 07:25:13.920633763 +0200 CEST m=+63.144185884,121,113.617886
2019-07-02 07:25:14.174647919 +0200 CEST m=+63.398200040,118,113.635628
2019-07-02 07:25:14.428659793 +0200 CEST m=+63.652211862,99,113.576613
2019-07-02 07:25:14.682639271 +0200 CEST m=+63.906191392,116,113.586345
2019-07-02 07:25:14.935650255 +0200 CEST m=+64.159202324,121,113.616000
2019-07-02 07:25:15.20070417 +0200 CEST m=+64.424256240,129,113.677291
2019-07-02 07:25:15.454600819 +0200 CEST m=+64.678152732,110,113.662698
2019-07-02 07:25:15.708600958 +0200 CEST m=+64.932152871,117,113.675889
2019-07-02 07:25:15.96264844 +0200 CEST m=+65.186200562,112,113.669291
2019-07-02 07:25:16.216649053 +0200 CEST m=+65.440201175,105,113.635294
2019-07-02 07:25:16.481649996 +0200 CEST m=+65.705202066,117,113.648438
2019-07-02 07:25:16.735652046 +0200 CEST m=+65.959204116,123,113.684825
2019-07-02 07:25:16.989778211 +0200 CEST m=+66.213330281,110,113.670543
2019-07-02 07:25:17.243601713 +0200 CEST m=+66.467153574,109,113.652510
2019-07-02 07:25:17.496607859 +0200 CEST m=+66.720159721,105,113.619231
2019-07-02 07:25:17.761649981 +0200 CEST m=+66.985202050,122,113.651341
2019-07-02 07:25:18.015711179 +0200 CEST m=+67.239263197,109,113.633588
2019-07-02 07:25:18.269682471 +0200 CEST m=+67.493234384,110,113.619772
2019-07-02 07:25:18.523605065 +0200 CEST m=+67.747156926,107,113.594697
2019-07-02 07:25:18.776612344 +0200 CEST m=+68.000164257,126,113.641509
2019-07-02 07:25:19.041657816 +0200 CEST m=+68.265209886,123,113.676692
2019-07-02 07:25:19.295654095 +0200 CEST m=+68.519206165,121,113.704120
2019-07-02 07:25:19.549715687 +0200 CEST m=+68.773267548,121,113.731343
2019-07-02 07:25:19.803932331 +0200 CEST m=+69.027484244,105,113.698885
2019-07-02 07:25:20.057676243 +0200 CEST m=+69.281228157,114,113.700000
2019-07-02 07:25:20.322666019 +0200 CEST m=+69.546217880,113,113.697417
2019-07-02 07:25:20.576612286 +0200 CEST m=+69.800164199,122,113.727941
2019-07-02 07:25:20.830613344 +0200 CEST m=+70.054165257,122,113.758242
2019-07-02 07:25:21.08365619 +0200 CEST m=+70.307208259,113,113.755474
2019-07-02 07:25:21.337849686 +0200 CEST m=+70.561401807,116,113.763636
2019-07-02 07:25:21.602618038 +0200 CEST m=+70.826169952,125,113.804348
2019-07-02 07:25:21.856607992 +0200 CEST m=+71.080159905,110,113.790614
2019-07-02 07:25:22.110658577 +0200 CEST m=+71.334210646,111,113.780576
2019-07-02 07:25:22.36365727 +0200 CEST m=+71.587209339,114,113.781362
2019-07-02 07:25:22.617656484 +0200 CEST m=+71.841208553,117,113.792857
2019-07-02 07:25:22.882671801 +0200 CEST m=+72.106223870,118,113.807829
2019-07-02 07:25:23.136621166 +0200 CEST m=+72.360173079,120,113.829787
2019-07-02 07:25:23.390620371 +0200 CEST m=+72.614172284,123,113.862191
2019-07-02 07:25:23.643622805 +0200 CEST m=+72.867174666,123,113.894366
2019-07-02 07:25:23.897712375 +0200 CEST m=+73.121264444,116,113.901754
2019-07-02 07:25:24.162665161 +0200 CEST m=+73.386217230,107,113.877622
2019-07-02 07:25:24.416623368 +0200 CEST m=+73.640175281,113,113.874564
2019-07-02 07:25:24.6706197 +0200 CEST m=+73.894171613,108,113.854167
2019-07-02 07:25:24.92465598 +0200 CEST m=+74.148207893,105,113.823529
2019-07-02 07:25:25.178668747 +0200 CEST m=+74.402220869,114,113.824138
2019-07-02 07:25:25.443668816 +0200 CEST m=+74.667220937,120,113.845361
2019-07-02 07:25:25.697655192 +0200 CEST m=+74.921207314,112,113.839041
2019-07-02 07:25:25.951657037 +0200 CEST m=+75.175209107,111,113.829352
2019-07-02 07:25:26.204670256 +0200 CEST m=+75.428222325,114,113.829932
2019-07-02 07:25:26.458665948 +0200 CEST m=+75.682218070,114,113.830508
2019-07-02 07:25:26.723673662 +0200 CEST m=+75.947225679,105,113.800676
2019-07-02 07:25:26.977667844 +0200 CEST m=+76.201219913,116,113.808081
2019-07-02 07:25:27.231677242 +0200 CEST m=+76.455229363,117,113.818792
2019-07-02 07:25:27.484680586 +0200 CEST m=+76.708232604,114,113.819398
2019-07-02 07:25:27.738617263 +0200 CEST m=+76.962169176,105,113.790000
2019-07-02 07:25:28.003625278 +0200 CEST m=+77.227177191,107,113.767442
2019-07-02 07:25:28.257702941 +0200 CEST m=+77.481254854,111,113.758278
2019-07-02 07:25:28.511652633 +0200 CEST m=+77.735204703,113,113.755776
2019-07-02 07:25:28.764665035 +0200 CEST m=+77.988217053,128,113.802632
2019-07-02 07:25:29.018665817 +0200 CEST m=+78.242217887,122,113.829508
2019-07-02 07:25:29.283669335 +0200 CEST m=+78.507221404,117,113.839869
2019-07-02 07:25:29.537664856 +0200 CEST m=+78.761216769,117,113.850163
2019-07-02 07:25:29.791620377 +0200 CEST m=+79.015172291,123,113.879870
2019-07-02 07:25:30.044718906 +0200 CEST m=+79.268270872,123,113.909385
2019-07-02 07:25:30.306760601 +0200 CEST m=+79.530312514,120,113.929032
2019-07-02 07:25:30.564248818 +0200 CEST m=+79.787800731,108,113.909968
2019-07-02 07:25:30.817609442 +0200 CEST m=+80.041161355,114,113.910256
2019-07-02 07:25:31.071664048 +0200 CEST m=+80.295215961,125,113.945687
2019-07-02 07:25:31.324608213 +0200 CEST m=+80.548160126,114,113.945860
2019-07-02 07:25:31.578604406 +0200 CEST m=+80.802156319,125,113.980952
2019-07-02 07:25:31.843646814 +0200 CEST m=+81.067198884,129,114.028481
2019-07-02 07:25:32.09769672 +0200 CEST m=+81.321248737,107,114.006309
2019-07-02 07:25:32.351659682 +0200 CEST m=+81.575211803,119,114.022013
2019-07-02 07:25:32.604709522 +0200 CEST m=+81.828261644,126,114.059561
2019-07-02 07:25:32.858651339 +0200 CEST m=+82.082203408,102,114.021875
2019-07-02 07:25:33.123654266 +0200 CEST m=+82.347206336,103,113.987539
2019-07-02 07:25:33.37765655 +0200 CEST m=+82.601208620,106,113.962733
2019-07-02 07:25:33.631599147 +0200 CEST m=+82.855151061,106,113.938080
2019-07-02 07:25:33.884599612 +0200 CEST m=+83.108151474,108,113.919753
2019-07-02 07:25:34.138601687 +0200 CEST m=+83.362153600,108,113.901538
2019-07-02 07:25:34.403649392 +0200 CEST m=+83.627201409,112,113.895706
2019-07-02 07:25:34.657641884 +0200 CEST m=+83.881193954,118,113.908257
2019-07-02 07:25:34.911637085 +0200 CEST m=+84.135189155,126,113.945122
2019-07-02 07:25:35.164644727 +0200 CEST m=+84.388196796,113,113.942249
2019-07-02 07:25:35.418632741 +0200 CEST m=+84.642184863,109,113.927273
2019-07-02 07:25:35.683758567 +0200 CEST m=+84.907310637,114,113.927492
2019-07-02 07:25:35.938593504 +0200 CEST m=+85.162145418,121,113.948795
2019-07-02 07:25:36.192601027 +0200 CEST m=+85.416152941,110,113.936937
2019-07-02 07:25:36.445590767 +0200 CEST m=+85.669142680,118,113.949102
2019-07-02 07:25:36.699594564 +0200 CEST m=+85.923146477,118,113.961194
2019-07-02 07:25:36.964590857 +0200 CEST m=+86.188142770,116,113.967262
2019-07-02 07:25:37.218583841 +0200 CEST m=+86.442135754,118,113.979228
2019-07-02 07:25:37.472670452 +0200 CEST m=+86.696222522,105,113.952663
2019-07-02 07:25:37.72562582 +0200 CEST m=+86.949177837,123,113.979351
2019-07-02 07:25:37.97963738 +0200 CEST m=+87.203189501,103,113.947059
2019-07-02 07:25:38.244628316 +0200 CEST m=+87.468180333,121,113.967742
2019-07-02 07:25:38.498634671 +0200 CEST m=+87.722186688,126,114.002924
2019-07-02 07:25:38.752632797 +0200 CEST m=+87.976184814,121,114.023324
2019-07-02 07:25:39.005573741 +0200 CEST m=+88.229125654,103,113.991279
2019-07-02 07:25:39.259573955 +0200 CEST m=+88.483125868,113,113.988406
2019-07-02 07:25:39.524565609 +0200 CEST m=+88.748117522,120,114.005780
2019-07-02 07:25:39.778840404 +0200 CEST m=+89.002392525,116,114.011527
2019-07-02 07:25:40.032617067 +0200 CEST m=+89.256169136,97,113.962644
2019-07-02 07:25:40.28561151 +0200 CEST m=+89.509163580,110,113.951289
2019-07-02 07:25:40.539614436 +0200 CEST m=+89.763166558,107,113.931429
2019-07-02 07:25:40.804822443 +0200 CEST m=+90.028374409,136,113.994302
2019-07-02 07:25:41.058709934 +0200 CEST m=+90.282261848,111,113.985795
2019-07-02 07:25:41.312673283 +0200 CEST m=+90.536225248,121,114.005666
2019-07-02 07:25:41.565559973 +0200 CEST m=+90.789111938,109,113.991525
2019-07-02 07:25:41.819605144 +0200 CEST m=+91.043157005,113,113.988732
2019-07-02 07:25:42.084555677 +0200 CEST m=+91.308107590,111,113.980337
2019-07-02 07:25:42.338596583 +0200 CEST m=+91.562148653,106,113.957983
2019-07-02 07:25:42.592652542 +0200 CEST m=+91.816204611,123,113.983240
2019-07-02 07:25:42.845546634 +0200 CEST m=+92.069098547,123,114.008357
2019-07-02 07:25:43.09954136 +0200 CEST m=+92.323093221,120,114.025000
2019-07-02 07:25:43.364541406 +0200 CEST m=+92.588093320,123,114.049861
2019-07-02 07:25:43.618586278 +0200 CEST m=+92.842138348,112,114.044199
2019-07-02 07:25:43.872575474 +0200 CEST m=+93.096127595,112,114.038567
2019-07-02 07:25:44.125572185 +0200 CEST m=+93.349124306,117,114.046703
2019-07-02 07:25:44.379571023 +0200 CEST m=+93.603123093,127,114.082192
2019-07-02 07:25:44.644606698 +0200 CEST m=+93.868158767,122,114.103825
2019-07-02 07:25:44.898568505 +0200 CEST m=+94.122120627,108,114.087193
2019-07-02 07:25:45.152601612 +0200 CEST m=+94.376153734,104,114.059783
2019-07-02 07:25:45.40551375 +0200 CEST m=+94.629065663,101,114.024390
2019-07-02 07:25:45.659577701 +0200 CEST m=+94.883129666,112,114.018919
2019-07-02 07:25:45.924521297 +0200 CEST m=+95.148073211,110,114.008086
2019-07-02 07:25:46.178640236 +0200 CEST m=+95.402192254,111,114.000000
2019-07-02 07:25:46.432560708 +0200 CEST m=+95.656112778,121,114.018767
2019-07-02 07:25:46.685560772 +0200 CEST m=+95.909112685,123,114.042781
2019-07-02 07:25:46.939518899 +0200 CEST m=+96.163070813,113,114.040000
2019-07-02 07:25:47.204519355 +0200 CEST m=+96.428071268,121,114.058511
2019-07-02 07:25:47.458557961 +0200 CEST m=+96.682109979,117,114.066313
2019-07-02 07:25:47.712547088 +0200 CEST m=+96.936099106,122,114.087302
2019-07-02 07:25:47.966557361 +0200 CEST m=+97.190109379,124,114.113456
2019-07-02 07:25:48.220555317 +0200 CEST m=+97.444107386,103,114.084211
2019-07-02 07:25:48.485542525 +0200 CEST m=+97.709094542,113,114.081365
2019-07-02 07:25:48.739585777 +0200 CEST m=+97.963137950,108,114.065445
2019-07-02 07:25:48.993489447 +0200 CEST m=+98.217041360,96,114.018277
2019-07-02 07:25:49.246485696 +0200 CEST m=+98.470037557,108,114.002604
2019-07-02 07:25:49.500656927 +0200 CEST m=+98.724208840,125,114.031169
2019-07-02 07:25:49.765520498 +0200 CEST m=+98.989072567,129,114.069948
2019-07-02 07:25:50.019549591 +0200 CEST m=+99.243101608,104,114.043928
2019-07-02 07:25:50.273517868 +0200 CEST m=+99.497069885,110,114.033505
2019-07-02 07:25:50.526538811 +0200 CEST m=+99.750090828,118,114.043702
2019-07-02 07:25:50.780554379 +0200 CEST m=+100.004106448,113,114.041026
2019-07-02 07:25:51.045508777 +0200 CEST m=+100.269060847,120,114.056266
2019-07-02 07:25:51.299537379 +0200 CEST m=+100.523089396,116,114.061224
2019-07-02 07:25:51.553564991 +0200 CEST m=+100.777116904,110,114.050891
2019-07-02 07:25:51.806764643 +0200 CEST m=+101.030316556,126,114.081218
2019-07-02 07:25:52.060874267 +0200 CEST m=+101.284426180,111,114.073418
2019-07-02 07:25:52.32550917 +0200 CEST m=+101.549061083,126,114.103535
2019-07-02 07:25:52.579462734 +0200 CEST m=+101.803014647,107,114.085642
2019-07-02 07:25:52.833455204 +0200 CEST m=+102.057007117,117,114.092965
2019-07-02 07:25:53.086448335 +0200 CEST m=+102.310000248,119,114.105263
2019-07-02 07:25:53.340441496 +0200 CEST m=+102.563993410,118,114.115000
2019-07-02 07:25:53.605439114 +0200 CEST m=+102.828990975,121,114.132170
2019-07-02 07:25:53.859485504 +0200 CEST m=+103.083037574,119,114.144279
2019-07-02 07:25:54.113487535 +0200 CEST m=+103.337039605,107,114.126551
2019-07-02 07:25:54.366538483 +0200 CEST m=+103.590090553,107,114.108911
2019-07-02 07:25:54.620476713 +0200 CEST m=+103.844028782,111,114.101235
2019-07-02 07:25:54.885659809 +0200 CEST m=+104.109211670,122,114.120690
2019-07-02 07:25:55.139426484 +0200 CEST m=+104.362978397,114,114.120393
2019-07-02 07:25:55.393414677 +0200 CEST m=+104.616966590,100,114.085784
2019-07-02 07:25:55.646465329 +0200 CEST m=+104.870017398,111,114.078240
2019-07-02 07:25:55.900465969 +0200 CEST m=+105.124017986,117,114.085366
2019-07-02 07:25:56.165456473 +0200 CEST m=+105.389008542,118,114.094891
2019-07-02 07:25:56.419456348 +0200 CEST m=+105.643008418,112,114.089806
2019-07-02 07:25:56.673447005 +0200 CEST m=+105.896999127,100,114.055690
2019-07-02 07:25:56.927445423 +0200 CEST m=+106.150997492,120,114.070048
2019-07-02 07:25:57.181447531 +0200 CEST m=+106.404999600,107,114.053012
2019-07-02 07:25:57.44744305 +0200 CEST m=+106.670995171,121,114.069712
2019-07-02 07:25:57.701479557 +0200 CEST m=+106.925031678,107,114.052758
2019-07-02 07:25:57.955584656 +0200 CEST m=+107.179136830,110,114.043062
2019-07-02 07:25:58.208387257 +0200 CEST m=+107.431939171,118,114.052506
2019-07-02 07:25:58.462385501 +0200 CEST m=+107.685937415,109,114.040476
2019-07-02 07:25:58.727428651 +0200 CEST m=+107.950980720,116,114.045131
2019-07-02 07:25:58.98142002 +0200 CEST m=+108.204972038,113,114.042654
2019-07-02 07:25:59.23542324 +0200 CEST m=+108.458975309,122,114.061466
2019-07-02 07:25:59.488406464 +0200 CEST m=+108.711958534,118,114.070755
2019-07-02 07:25:59.742368061 +0200 CEST m=+108.965919974,100,114.037647
2019-07-02 07:26:00.007374611 +0200 CEST m=+109.230926524,112,114.032864
2019-07-02 07:26:00.261361696 +0200 CEST m=+109.484913609,119,114.044496
2019-07-02 07:26:00.515407685 +0200 CEST m=+109.738959755,93,113.995327
2019-07-02 07:26:00.768390044 +0200 CEST m=+109.991942165,119,114.006993
2019-07-02 07:26:01.022656963 +0200 CEST m=+110.246208980,110,113.997674
2019-07-02 07:26:01.287395737 +0200 CEST m=+110.510947806,109,113.986079
2019-07-02 07:26:01.541440913 +0200 CEST m=+110.764992930,117,113.993056
2019-07-02 07:26:01.795477235 +0200 CEST m=+111.019029252,101,113.963048
2019-07-02 07:26:02.048684493 +0200 CEST m=+111.272236563,113,113.960829
2019-07-02 07:26:02.302404226 +0200 CEST m=+111.525956139,121,113.977011
2019-07-02 07:26:02.567602385 +0200 CEST m=+111.791154298,126,114.004587
2019-07-02 07:26:02.821325659 +0200 CEST m=+112.044877572,122,114.022883
2019-07-02 07:26:03.075405625 +0200 CEST m=+112.298957538,103,113.997717
2019-07-02 07:26:03.328324922 +0200 CEST m=+112.551876835,106,113.979499
2019-07-02 07:26:03.58236014 +0200 CEST m=+112.805912158,97,113.940909
2019-07-02 07:26:03.847365246 +0200 CEST m=+113.070917316,124,113.963719
2019-07-02 07:26:04.10132856 +0200 CEST m=+113.324880474,118,113.972851
2019-07-02 07:26:04.355299531 +0200 CEST m=+113.578851496,116,113.977427
